Gloss,ImageCount
SHAVE,68
ENVELOPE,63
STRAWBERRY,60
BANANA,60
HANDSOME,59
ERASE,59
NECKLACE,58
FORK,57
SANDWICH,55
COOL,55
FOLLOW,55
GLOVES,51
SHOULDER,50
POP,50
SCARF,49
DOG,48
CRY,48
STAND,45
PATIENT,42
TOY,42
FILE,41
ELEVATOR,40
MIX,39
CORN,39
CROSS,39
ARM,38
CAT,38
WRISTWATCH,38
OIL,38
HELICOPTER,38
BASKETBALL,38
KISS,37
STAMP,37
STORY,37
SCREWDRIVER,36
RIGHT,36
ARREST,35
BAG,33
DINOSAUR,33
LETTER,33
TYPE,32
RUN,32
RESEARCH,32
KITE,32
HAIR,32
RELAX,32
GRAPES,32
BORED,32
MOVIE,31
GLASS,31
SOCCER,31
DECIDE,31
MECHANIC,30
SOAP,30
BACKPACK,30
PEACH,30
UNDERWEAR,30
CANCEL,30
GUN,30
BEE,29
BOWLING,29
MOUNTAIN,29
CAN,29
CITY,29
SHIRT,29
SPECIAL,29
RIVER,29
SWING,29
MEAN,29
HEAR,29
EAGLE,29
BITE,29
NOTHING,29
SENTENCE,28
CUTE,28
EAT,28
BAKE,28
DRINK,28
PLUG,28
ABOUT,28
MAIL,28
LIVE,28
BOIL,28
THIRD,28
LUNCH,27
PROBLEM,27
SAW,27
THIEF,27
MILK,27
TIE,27
CHEAT,27
PIZZA,27
CHEERLEADER,27
MEAT,27
FISHING,27
DINNER,27
BRIDGE,27
HALLOWEEN,27
THROW,27
ORDER,26
SHAKE,26
TALK,26
TALL,26
FEED,26
MEASURE,26
CANDY,26
ROCKET,26
SOON,26
POUR,26
MEXICAN,26
DOCTOR,26
SUPPORT,26
KNIFE,26
CREAM,26
SUNBATHE,26
RECENT,26
BELIEVE,26
WALK,26
CALL,26
FENCE,26
OPINION,26
SMILE,25
FINE,25
PARTY,25
SAME,25
BABY,25
TRIP,25
FLAG,25
TURKEY,25
COMB,25
SLIDE,25
HAT,25
CHERRY,25
TAKE OFF,25
EMPTY,24
NOON,24
BELT,24
WOMAN,24
CLOCK,24
MONEY,24
REMEMBER,24
WELCOME,24
PANTS,24
BASKET,24
DECORATE,24
AXE,24
LEAF,24
NIGHT,24
TEACH,24
WANT,24
WASH,23
HIT,23
SERVE,23
SNOW,23
RABBIT,23
BREAKFAST,23
TRUCK,23
KICK,23
STUPID,22
DEAF,22
SWIM,22
THEY,22
DUCK,22
RIDE,22
WHAT,22
HOSPITAL,21
SHOP,21
DENTIST,21
BED,21
PET,21
UPSET,21
FALL,20
PEPPER,20
TOURNAMENT,20
HOW,20
SCISSORS,19
CURTAIN,19
BUTTER,19
ORANGE,19
ROCK,19
SURGEON,19
BREAD,19
TEACHER,19
PLAYGROUND,19
FOOTBALL,19
VOLLEYBALL,19
SUMMER,19
PIG,19
WEEK,19
WASTE,19
SPOON,19
BASEBALL,18
LIBRARY,18
ASIA,18
GARAGE,18
EGG,18
HUNT,18
POTATO,18
COMPUTER,18
NEPHEW,18
CAFETERIA,18
ROOM,18
VOCABULARY,18
KINDERGARTEN,18
ROOMMATE,18
SHELF,18
DRAWER,18
LEAVE,18
SORRY,18
FRIDAY,18
FIRE,18
SCIENCE,18
PIANO,18
IMPOSSIBLE,18
EIGHT,18
BREAKDOWN,17
GRADUATE,17
INTERVIEW,17
PLACE,17
UMBRELLA,17
SHORTS,17
GRASS,17
PRIDE,17
LAZY,17
AFRICA,17
ACTOR,17
WINDOW,17
FOX,17
SHRIMP,17
BUTTERFLY,17
COOKIE,17
WORM,17
BASEMENT,17
CIGARETTE,17
CHARACTER,17
ENGLISH,17
DANCER,17
CEREAL,17
INSULT,17
SCIENTIST,17
TOGETHER,17
STRAW,17
MINUTE,17
WINTER,17
TECHNOLOGY,17
HOTEL,17
TRASH,17
CHANCE,17
DARK,17
MUCH,17
EXPENSIVE,17
FATHER,17
LONELY,17
TEA,17
SHOES,17
HEART,17
APPLE,17
MIRROR,17
ANNOUNCE,17
FILM,17
CAMERA,17
LEARN,17
BOTH,17
BEACH,17
LISTEN,17
ATLANTA,17
PICKLE,17
LIE,17
CHRISTMAS,17
HONEST,16
ADDRESS,16
SOMETHING,16
FAMOUS,16
AUNT,16
SUSPEND,16
PROMISE,16
SPAGHETTI,16
GUITAR,16
SOUP,16
GAS,16
COUSIN,16
SOFTBALL,16
PRINT,16
BATHROOM,16
CHOCOLATE,16
TRAIN,16
SLOW,16
FARM,16
HEALTH,16
TEXT,16
SHOW,16
GROW,16
AMERICA,16
GYM,16
BATH,16
MOTHER,16
FAVORITE,16
COUNSELOR,16
COFFEE,16
ISLAND,16
DIAPER,16
DUMB,16
MONTH,16
AWKWARD,16
CHOKE,16
PRINCIPAL,16
POSTPONE,16
JOIN,16
SNOWMAN,16
WEIRD,16
SCOUT,16
CAUGHT,16
SURGERY,16
KEEP,16
BOSTON,16
SET UP,16
OOPS,16
TURTLE,16
SHOWER,16
BIRD,16
FISH,16
HISTORY,16
SAUSAGE,16
KNEEL,16
GORILLA,16
SURF,16
SALAD,16
LESS,16
PHARMACIST,16
FINGER,16
MUSEUM,16
HUNGRY,16
KITCHEN,16
HEADACHE,16
PARENTS,16
PICTURE,16
GOOD,16
DREAM,16
ENGAGEMENT,16
BOSS,16
CHALLENGE,16
TRY,16
RELATIONSHIP,16
BOYFRIEND,16
FORM,16
CHILD,16
PREGNANT,16
ADOPT,16
REACH,16
MAJOR,16
BROWN,16
ART,16
COMMUTE,16
VOLUNTEER,16
CULTURE,16
SUBTRACT,16
EAR,16
CENTER,15
LATER,15
REASON,15
HAPPY,15
SYMPATHY,15
DISNEY,15
CHEAP,15
PLATE,15
YOUR,15
IN,15
EXCITED,15
BREAK DOWN,15
BEFORE,15
OR,15
PLUS,15
BIOLOGY,15
FLOWER,15
STAR,15
ANIMAL,15
VOTE,15
RELIGION,15
DIVORCE,15
OWE,15
RING,15
VEGETABLE,15
INSURANCE,15
RESTAURANT,15
CONTINUE,15
GUILTY,15
INTERPRET,15
SOME,15
PILL,15
DOOR,15
BECAUSE,15
IMPORTANT,15
WORK,15
SURPRISE,15
SEW,15
THINGS,15
AFTER,15
DANCE,15
EXPERIENCE,15
NOSE,15
WE,15
THREE,15
BLANKET,15
MOON,15
BRUSH,15
TABLE,15
LANGUAGE,15
TAN,15
IF,15
SMOKE,15
REFUSE,15
NEGATIVE,15
QUIET,15
WORKSHOP,15
STREET,15
JOKE,15
MOSQUITO,15
FROM,15
TIGER,15
PENCIL,15
SPAIN,15
SHOT,15
TRANSFER,15
CHAIR,15
STUDENT,15
CAMPING,15
BACON,15
WEDDING,15
PROJECT,15
DEODORANT,15
FEBRUARY,15
CREATE,15
ENERGY,15
INCH,15
LICENSE,15
STING,15
FOUR,15
PEOPLE,15
UGLY,15
SECRETARY,15
FEEL,15
FREEWAY,15
PARADE,15
TRAFFIC,15
STUBBORN,15
SKIRT,15
OLDEST,15
COMFORTABLE,15
INSIDE,15
VISIT,15
COW,15
BIRTH,15
HAMBURGER,15
BUSINESS,15
LOVE,15
FUN,15
TO,15
CALCULATOR,15
TOPIC,15
BALLOON,15
SOCKS,15
HOMEWORK,15
MEDICINE,15
COMMITTEE,15
STILL,15
IMPRESS,15
HUNDRED,15
MANAGE,15
LAW,15
COMPLAIN,15
SOFT,15
WHEN,14
THANKSGIVING,14
PEAR,14
WATER,14
BIRTHDAY,14
WARM,14
COLD,14
PLAN,14
NONE,14
PLANT,14
BANDAGE,14
UP,14
CHAMP,14
ACCEPT,14
WORSE,14
CHAOS,14
PROCESS,14
BRIGHT,14
BOOK,14
TENNIS,14
LAST,14
SALT,14
ASK,14
DRYER,14
MAKE,14
GET,14
WIN,14
GOVERNMENT,14
GLASSES,14
WISH,14
CATHOLIC,14
SICK,14
EMOTION,14
BLIND,14
MOVE,14
TEASE,14
NOISE,14
CLOTHES,14
STINK,14
YES,14
RAIN,14
BROTHER,14
PERSON,14
WEAR,14
TRAVEL,14
EMBARRASS,14
BORROW,14
ROSE,14
HUG,14
NICE,14
SMOOTH,14
ANGRY,14
DRESS,14
HORSE,14
SIGN,14
GOAL,14
MAILMAN,14
FREEZE,14
OVER,14
DRY,14
STRONG,14
FAINT,14
PHILADELPHIA,14
HOPE,14
PASS,14
STRUGGLE,14
MARCH,14
GRAB,14
SQUIRREL,14
GONE,14
WOLF,14
RADIO,14
SHY,14
BOY,14
SISTER,14
PULL,14
FAIR,14
HOCKEY,14
WAITER,14
MATH,14
MANY,14
START,14
PANCAKE,14
PIE,14
READ,14
TEAM,14
ENTER,14
CHASE,14
CHAIN,14
ANYONE,14
IMPROVE,14
TOTAL,14
TROPHY,14
INTERPRETER,14
RAT,14
USE,14
PLENTY,14
CHANGE,14
SPRING,14
MISSING,14
SWEETHEART,14
AND,14
FOR,14
FAMILY,14
GIRAFFE,14
PEACE,14
EARTHQUAKE,14
MAN,14
WONDER,14
WORLD,14
STRICT,14
FINGERSPELL,14
SUMMON,14
WOOD,14
APPOINTMENT,14
CRAZY,14
RETIRE,14
OK,14
DISAPPOINT,14
HEAD,14
HIS,14
HANDS,14
COUCH,14
INDEPENDENT,14
WHALE,14
EQUAL,14
PLIERS,14
THIN,14
LOUD,14
TOILET,14
MEETING,14
SOMETIMES,14
WINDY,14
MISS,14
LION,14
MONKEY,14
HAVE,14
AGE,14
ALL,14
VOMIT,14
MINE,14
SUNRISE,14
WEAK,14
SYSTEM,14
READY,14
AT,14
WIND,14
BABYSITTER,14
ORGANIZATION,14
SUPERVISOR,14
ADVERTISE,14
AGAIN,14
CONFLICT,14
RUIN,14
BURN,14
UNTIL,14
APRIL,14
STUCK,14
TODAY,14
SILVER,14
LEFT,14
BOMB,14
WHITE,14
AWARD,14
DONKEY,14
MONDAY,13
FLOOR,13
BEDROOM,13
HOLIDAY,13
PRISON,13
HURRICANE,13
SPIDER,13
ADD,13
COMMUNICATION,13
PLEASE,13
WHERE,13
CHAT,13
MACHINE,13
MUSTACHE,13
KNOW,13
GALLAUDET,13
ACT,13
NEW,13
BUILDING,13
POSSIBLE,13
DOUBT,13
FRECKLES,13
MORE,13
HARD,13
THERE,13
SMART,13
YOU,13
FAR,13
HURT,13
THAN,13
NORMAL,13
ZEBRA,13
FINISH,13
MOUSE,13
STOMACH,13
GRANDFATHER,13
CUP,13
ANY,13
LIGHT,13
EASY,13
LESSON,13
BUT,13
CUT,13
BEANS,13
TRUTH,13
COST,13
BEST,13
DYE,13
DICTIONARY,13
THUNDER,13
BLANK,13
INFECTION,13
OTHER,13
DESIGN,13
DELICIOUS,13
BAR,13
MICROWAVE,13
GOAT,13
ONE,13
DEGREE,13
DESTROY,13
DEER,13
POPCORN,13
COLOR,13
PHONE,13
BEAR,13
PLAYERS,13
PAPER,13
SWITZERLAND,13
VIEW,13
SQUARE,13
PACK,13
ALASKA,13
ARTICLE,13
YOUNG,13
WEIGHT,13
PENGUIN,13
OPEN,13
PUMPKIN,13
ATTITUDE,13
BLOND,13
SEND,13
FORBID,13
STATE,13
TTY,13
FRONT,13
DAY,13
JUDGE,13
SON,13
BODY,13
SOCIAL,13
CELEBRATE,13
YESTERDAY,13
NEWSPAPER,13
WIFE,13
COACH,13
RAINBOW,13
EVENT,13
TOUCH,13
HUMOR,13
VISION,13
SUNDAY,13
DRUNK,13
THURSDAY,13
PAST,13
LAWYER,13
BUG,13
INTERNET,13
BEER,13
BREAK,13
MY,13
ME,13
PERFECT,13
TRUE,13
EMAIL,13
CROWN,13
STARS,13
CAKE,13
TOMATO,13
ARIZONA,13
GROUP,13
GHOST,13
SAVE,13
MAD,13
WHEELCHAIR,13
BARELY,13
BLACK,13
ISRAEL,13
FIRST,13
BETWEEN,13
LEND,13
SOPHOMORE,13
INSTITUTE,13
TOSS,13
NEED,13
NOW,13
WELL,13
CHERISH,13
POSITIVE,13
SWEET,13
LINE,13
FIX,13
SEVEN,13
OCEAN,13
SOUR,13
WEEKEND,13
BACK UP,13
DUTY,13
MEMORIZE,13
PROTEST,13
ROLE,13
GIVE,13
GRANDPARENTS,13
PLAIN,13
PAGE,13
SIX,13
WITH,13
CARVE,13
EARTH,13
NURSE,13
INSTEAD,13
STAY,13
SINGLE,12
CHECK,12
ELEPHANT,12
CLEAN,12
PURPLE,12
ARMY,12
SAD,12
WARN,12
EXERCISE,12
PINK,12
FIND,12
RUDE,12
KEY,12
BEHIND,12
TIME,12
CAREFUL,12
HOTDOG,12
MIND,12
TOAST,12
OUT,12
FLY,12
DATE,12
THEN,12
HANUKKAH,12
OUR,12
INTERESTED,12
BIG,12
BALD,12
FAKE,12
STRIPE,12
RANGE,12
WATCH,12
CABINET,12
TROUBLE,12
HEARING,12
NAME,12
BOWL,12
HABIT,12
RICH,12
EXCUSE,12
BYE,12
GERMANY,12
NIECE,12
COOK,12
FACE,12
TICKET,12
FREEDOM,12
SHARE,12
SKIN,12
BET,12
WILL,12
MEMBER,12
AFTERNOON,12
HATE,12
DISLIKE,12
WOW,12
LAPTOP,12
EVERYDAY,12
HE,12
STRESS,12
POINT,12
WAIT,12
BOX,12
SLEEP,12
SODA,12
MUSIC,12
PERCENT,12
CHEESE,12
DIFFERENT,12
NEAR,12
WALL,12
PSYCHOLOGY,12
BOXING,12
FAIL,12
BECOME,12
GRAY,12
CIRCLE,12
PUNISH,12
EITHER,12
FASCINATED,12
COUNTRY,12
BUY,12
TORNADO,12
PRETTY,12
UNDER,12
FRUIT,12
NO,12
DIRTY,12
KID,12
GIRL,12
BOAT,12
SCHOOL,12
QUARTER,12
ALRIGHT,12
WRONG,12
BREATHE,12
WEST,12
HOUR,12
SATURDAY,12
DIE,12
AWAY,12
DAUGHTER,12
MAGAZINE,12
COPY,12
GRAMMAR,12
VOICE,12
MYSELF,12
SHOCKED,12
ENOUGH,12
SKI,12
SINCE,12
HAWAII,12
GO,12
DOWNLOAD,12
ELEVEN,12
BULL,12
DIG,12
EARLY,12
ALWAYS,12
SHEEP,12
LATE,12
CORNER,12
CHILDREN,12
SOUTH,12
GOSSIP,12
TEST,12
MATCH,12
FRIEND,12
REMIND,12
EXPERT,12
POOR,12
BALL,12
DOLL,12
BICYCLE,12
STEAK,12
THIRSTY,12
PAINT,12
CLUELESS,12
FREE,12
KNOCK,12
DESSERT,12
RACE,12
SHOULD,12
CURIOUS,12
ARGUE,12
REFRIGERATOR,12
SKUNK,12
PROGRAM,12
VERY,12
TOP,12
STUDY,12
DIZZY,12
ICE,12
OFTEN,12
CARRY,12
ONCE,12
GRIND,12
SECRET,12
WRITE,12
FROG,12
YOURSELF,12
CLOSE,12
EACH,12
MELT,12
CANADA,12
TURN,12
HURRY,11
SPEND,11
FIGHT,11
HOME,11
COLLEGE,11
PRICE,11
VACATION,11
PREFER,11
YEAR,11
CHAMPION,11
SAILBOAT,11
BLAME,11
DIRECTOR,11
ROB,11
WHICH,11
GREEN,11
BRAVE,11
MAYBE,11
SCARED,11
FAULT,11
UNDERSTAND,11
EXPLANATION,11
SUSPECT,11
EUROPE,11
RED,11
DISAPPEAR,11
SKATE,11
STRANGE,11
WHY,11
UNIVERSITY,11
MOTORCYCLE,11
MOST,11
BUSY,11
DRIVE,11
ON,11
ROOF,11
OUTSIDE,11
LIKE,11
ATHLETE,11
NOT,11
RESPONSIBILITY,11
REST,11
NUMBERS,11
TIRED,11
CLASS,11
FINGERSPELLING,11
OWL,11
WORRY,11
HELP,11
PRACTICE,11
TUESDAY,11
ANSWER,11
DECLINE,11
DISCUSS,11
DRILL,11
BATTERY,11
STEAL,11
EXPECT,11
PICNIC,11
SWALLOW,11
SMELL,11
EYES,11
TELL,11
TEETH,11
IDEA,11
TOMORROW,11
GOLD,11
HAPPEN,11
OFFICE,11
WET,11
FRUSTRATE,11
SNAKE,11
SILLY,11
MOUTH,11
UNCLE,11
US,11
POPULAR,11
BACK,11
WEIGH,11
OFF,11
TENT,11
DIVIDE,11
SAFE,11
COMMUNITY,11
CARDS,11
JUNIOR,11
GAME,11
DRAW,11
LOUSY,11
FUNNY,11
BOARD,11
SELL,11
FOCUS,11
RUSSIA,11
CAPTION,11
ENJOY,11
CANDLE,11
HOUSE,11
SCAN,11
BRAILLE,11
SELF,11
AREA,11
CRASH,11
GREAT,11
AGAINST,11
WITHOUT,11
WEDNESDAY,11
TV,11
PERSUADE,11
SKILL,11
PUT,11
HALF,11
DOWN,11
CALIFORNIA,11
YELLOW,11
STRAIGHT,11
ROAD,11
GIFT,11
HEAVY,11
DRESSER,11
ATTENTION,11
GRANDMOTHER,11
FOURTH,11
LOST,11
TAKE,10
FAT,10
PAY,10
WHO,10
BLOOD,10
TWO,10
HAMMER,10
ALARM,10
CLEAR,10
PAIN,10
APPEAR,10
FUTURE,10
HELLO,10
TOOTHBRUSH,10
END,10
SUNSET,10
DICE,10
INEPT,10
HONOR,10
BEARD,10
OWN,10
INTRODUCE,10
SHINY,10
BOTTLE,10
MISCHIEVOUS,10
HALL,10
MARRY,10
QUIT,10
SIT,10
AIRPLANE,10
INDIAN,10
ARRIVE,10
CAUSE,10
METAL,10
RISK,10
FIRED,10
CHURCH,10
MEET,10
CAR,10
AMAZING,10
SEVERAL,10
HAIRCUT,10
EARN,10
NINE,10
ZOO,10
WORD,10
REGISTER,10
NEXT,10
CRACK,10
RULE,10
FRANCE,10
PICK,10
JAPAN,10
LOSE,10
ZERO,10
ALONE,10
LUCKY,10
TOWEL,10
LONG,10
FINALLY,10
TASTE,10
INVITE,9
PLAY,9
MORNING,9
LAUGH,9
THAT,9
HUSBAND,9
WEATHER,9
LECTURE,9
SUN,9
ACCIDENT,9
STOP,9
THINK,9
WINE,9
HIDE,9
SEEM,9
BANK,9
HIGH,9
BAD,9
TREE,9
REPLACE,9
PHYSICS,9
EASTER,9
JEALOUS,9
SANTA,9
STRING,9
EAST,9
PITCHER,9
LIST,9
BEAT,9
FRENCH,9
SURE,9
SMALL,9
CANNOT,9
LIGHTNING,9
HOT,9
FEW,9
BUS,9
FURNITURE,9
REALLY,9
NORTH,8
FRIENDLY,8
PRESIDENT,8
REGULAR,8
GOLF,8
PEPSI,8
HANG,8
MUST,8
SPORTS,8
ESCAPE,8
JEWISH,8
SEE,8
NEVER,8
FULL,8
LIPREAD,8
COME,8
FAST,7
ITALY,7
OLD,7
CHICAGO,7
PUSH,7
BLUE,7
HERE,6
BRING,6
JUMP,6
FOOL,6
BETTER,6
SEEDSHAVE,5
SEEDENVELOPE,5
SEEDERASE,5
CHINA,5
SEEDCOOL,4
SEEDHANDSOME,4
SEEDGLOVES,4
SEEDFOLLOW,4
SEEDBANANA,4
SEEDPOP,4
SEEDSANDWICH,4
SEEDNECKLACE,4
SEEDCRY,4
SEEDFORK,4
SEEDSTRAWBERRY,4
SEEDSCARF,4
SEEDWRISTWATCH,3
SEEDRIGHT,3
SEEDCORN,3
SEEDPATIENT,3
SEEDKISS,3
SEEDSTORY,3
SEEDTOY,3
SEEDDOG,3
SEEDARREST,3
SEEDOIL,3
SEEDSTAND,3
SEEDGLASS,3
SEEDELEVATOR,3
SEEDSCREWDRIVER,3
SEEDCROSS,3
SEEDMIX,3
SEEDSTAMP,3
SEEDCAT,3
SEEDFILE,3
SEEDHELICOPTER,3
SEEDGUN,3
SEEDBASKETBALL,3
SEEDSHOULDER,3
SEEDTYPE,2
SEEDDECIDE,2
SEEDSOCCER,2
SEEDMEAN,2
SEEDGRAPES,2
SEEDRUN,2
SEEDBORED,2
SEEDLIVE,2
SEEDKNIFE,2
SEEDMONEY,2
SEEDDRINK,2
SEEDCUTE,2
SEEDTALK,2
SEEDSTUPID,2
SEEDTALL,2
SEEDPROBLEM,2
SEEDFINE,2
SEEDFLAG,2
SEEDBAKE,2
SEEDHOSPITAL,2
SEEDWOMAN,2
SEEDMEASURE,2
SEEDMOVIE,2
SEEDSMILE,2
SEEDCAN,2
SEEDSAW,2
SEEDSOAP,2
SEEDWANT,2
SEEDLUNCH,2
SEEDSERVE,2
SEEDNOON,2
SEEDDEAF,2
SEEDPARTY,2
SEEDBACKPACK,2
SEEDEMPTY,2
SEEDBREAKFAST,2
SEEDBOWLING,2
SEEDRIDE,2
SEEDDARK,2
SEEDSHIRT,2
SEEDCLOCK,2
SEEDPEACH,2
SEEDCHERRY,2
SEEDBOIL,2
SEEDMOUNTAIN,2
SEEDRABBIT,2
SEEDSNOW,2
SEEDORDER,2
SEEDCALL,2
SEEDLEAF,2
SEEDPLUG,2
SEEDROCKET,2
SEEDWASH,2
SEEDPIZZA,2
SEEDHIT,2
SEEDSWIM,2
SEEDPET,2
SEEDTHEY,2
SEEDSHAKE,2
SEEDTRUCK,2
SEEDSPECIAL,2
SEEDCHEERLEADER,2
SEEDSOON,2
SEEDREMEMBER,2
SEEDMEXICAN,2
SEEDFISHING,2
SEEDARM,2
SEEDSUNBATHE,2
SEEDKICK,2
SEEDTHROW,2
SEEDCHEAT,2
SEEDDUCK,2
SEEDEAGLE,2
SEEDHEAR,2
SEEDRELAX,2
SEEDBELT,2
SEEDBEE,2
SEEDTAKE OFF,2
SEEDSWING,2
SEEDSUPPORT,2
SEEDSLIDE,2
SEEDFENCE,2
SEEDOPINION,2
SEEDBRIDGE,2
SEEDTURKEY,2
SEEDTIE,2
SEEDCITY,2
SEEDCOMB,2
SEEDHAT,2
SEEDMILK,2
SEEDMEAT,2
SEEDTEACH,2
SEEDHOW,2
SEEDBABY,2
SEEDDECORATE,2
SEEDCHRISTMAS,2
SEEDCREAM,2
SEEDNIGHT,2
SEEDCANCEL,2
SEEDBELIEVE,2
SEEDHALLOWEEN,2
SEEDDINNER,2
SEEDRIVER,2
SEEDAXE,2
SEEDWELCOME,2
SEEDWALK,2
SEEDPOUR,2
SEEDBAG,2
SEEDBITE,2
SEEDDOCTOR,2
SEEDRECENT,2
SEEDTRIP,2
SEEDFEED,2
SEEDBED,2
SEEDPANTS,2
SEEDDENTIST,2
SEEDMAIL,2
SEEDCANDY,2
SEEDWHAT,2
SEEDMECHANIC,2
SEEDUPSET,2
SEEDTHIRD,2
SEEDSENTENCE,2
SEEDHAIR,2
SEEDKITE,2
SEEDUNDERWEAR,2
SEEDRESEARCH,2
SEEDLETTER,2
SEEDSAME,2
SEEDABOUT,2
SEEDEAT,2
SEEDTHIEF,2
SEEDSUMMER,1
SEEDVOLLEYBALL,1
SEEDTEA,1
SEEDPIG,1
SEEDSHOES,1
SEEDFRIDAY,1
SEEDTOURNAMENT,1
SEEDFIRE,1
SEEDWASTE,1
SEEDWEEK,1
SEEDSCIENCE,1
SEEDSPOON,1
SEEDPIANO,1
SEEDHEART,1
SEEDAPPLE,1
SEEDMOUSE,1
SEEDMIRROR,1
SEEDHUNGRY,1
SEEDSECRETARY,1
SEEDGIRAFFE,1
SEEDANNOUNCE,1
SEEDFILM,1
SEEDKITCHEN,1
SEEDHEADACHE,1
SEEDPARENTS,1
SEEDSUBTRACT,1
SEEDPICTURE,1
SEEDEARTHQUAKE,1
SEEDGOOD,1
SEEDCAMERA,1
SEEDIMPOSSIBLE,1
SEEDDREAM,1
SEEDMAN,1
SEEDJUDGE,1
SEEDFEEL,1
SEEDSON,1
SEEDLIE,1
SEEDTORNADO,1
SEEDBLACK,1
SEEDENGAGEMENT,1
SEEDCHALLENGE,1
SEEDBOSS,1
SEEDAWKWARD,1
SEEDPRETTY,1
SEEDTRY,1
SEEDFREEWAY,1
SEEDBODY,1
SEEDRELATIONSHIP,1
SEEDFINGERSPELL,1
SEEDHAVE,1
SEEDPARADE,1
SEEDAGE,1
SEEDQUIET,1
SEEDTRAFFIC,1
SEEDSTUBBORN,1
SEEDCENTER,1
SEEDMINUTE,1
SEEDLAST,1
SEEDHONEST,1
SEEDISRAEL,1
SEEDSALT,1
SEEDCOMMUNICATION,1
SEEDPLEASE,1
SEEDPURPLE,1
SEEDWHERE,1
SEEDANIMAL,1
SEEDARMY,1
SEEDVOTE,1
SEEDASK,1
SEEDSAD,1
SEEDRELIGION,1
SEEDFIGHT,1
SEEDHOME,1
SEEDDRYER,1
SEEDMAKE,1
SEEDGAS,1
SEEDWARN,1
SEEDGET,1
SEEDGOVERNMENT,1
SEEDGLASSES,1
SEEDFIRST,1
SEEDEXERCISE,1
SEEDLATE,1
SEEDWISH,1
SEEDCHAT,1
SEEDDIVORCE,1
SEEDCOUSIN,1
SEEDOWE,1
SEEDMACHINE,1
SEEDMIND,1
SEEDSICK,1
SEEDGALLAUDET,1
SEEDKNOW,1
SEEDPINK,1
SEEDFIND,1
SEEDACT,1
SEEDRING,1
SEEDVEGETABLE,1
SEEDEMOTION,1
SEEDBLIND,1
SEEDBUILDING,1
SEEDCOLLEGE,1
SEEDDOUBT,1
SEEDPRICE,1
SEEDFRECKLES,1
SEEDREALLY,1
SEEDMORE,1
SEEDRUDE,1
SEEDHARD,1
SEEDFAT,1
SEEDKEY,1
SEEDBEHIND,1
SEEDTIME,1
SEEDVACATION,1
SEEDPREFER,1
SEEDYEAR,1
SEEDCAREFUL,1
SEEDFALL,1
SEEDHOTDOG,1
SEEDPEPSI,1
SEEDOTHER,1
SEEDWHICH,1
SEEDWHO,1
SEEDINVITE,1
SEEDBLOOD,1
SEEDHEARING,1
SEEDMAYBE,1
SEEDBRAVE,1
SEEDFAULT,1
SEEDMORNING,1
SEEDNORTH,1
SEEDUNDERSTAND,1
SEEDHAMMER,1
SEEDTWO,1
SEEDEXPLANATION,1
SEEDSUSPECT,1
SEEDALARM,1
SEEDLAUGH,1
SEEDEUROPE,1
SEEDCLEAR,1
SEEDNAME,1
SEEDRED,1
SEEDSKATE,1
SEEDDISAPPEAR,1
SEEDFRIENDLY,1
SEEDPAIN,1
SEEDWHY,1
SEEDUNIVERSITY,1
SEEDAPPEAR,1
SEEDFUTURE,1
SEEDMOTORCYCLE,1
SEEDHELLO,1
SEEDSTOMACH,1
SEEDMONDAY,1
SEEDWHEN,1
SEEDTHANKSGIVING,1
SEEDFLOOR,1
SEEDHOPE,1
SEEDLATER,1
SEEDINSURANCE,1
SEEDRESTAURANT,1
SEEDSMART,1
SEEDYOU,1
SEEDMOVE,1
SEEDTEASE,1
SEEDCONTINUE,1
SEEDNOISE,1
SEEDSMELL,1
SEEDFAR,1
SEEDOUT,1
SEEDGUILTY,1
SEEDCLOTHES,1
SEEDGIFT,1
SEEDSWITZERLAND,1
SEEDTEAM,1
SEEDWALL,1
SEEDENTER,1
SEEDPSYCHOLOGY,1
SEEDCHAIN,1
SEEDCHASE,1
SEEDBOXING,1
SEEDUNDER,1
SEEDSIGN,1
SEEDPICNIC,1
SEEDHABIT,1
SEEDANY,1
SEEDDATE,1
SEEDTHEN,1
SEEDRICH,1
SEEDCHAMPION,1
SEEDHANUKKAH,1
SEEDOUR,1
SEEDPAY,1
SEEDINTERESTED,1
SEEDTHAN,1
SEEDNORMAL,1
SEEDSAILBOAT,1
SEEDBIG,1
SEEDBALD,1
SEEDBLAME,1
SEEDDIRECTOR,1
SEEDSTRIPE,1
SEEDHIDE,1
SEEDRANGE,1
SEEDZEBRA,1
SEEDROSE,1
SEEDHUG,1
SEEDNICE,1
SEEDNOSE,1
SEEDGYM,1
SEEDSMOOTH,1
SEEDJOKE,1
SEEDSOCIAL,1
SEEDANYONE,1
SEEDSQUARE,1
SEEDPACK,1
SEEDALASKA,1
SEEDARTICLE,1
SEEDMOSQUITO,1
SEEDBETWEEN,1
SEEDCOMMUNITY,1
SEEDTURN,1
SEEDCORNER,1
SEEDLEND,1
SEEDSOPHOMORE,1
SEEDINSTITUTE,1
SEEDSUPERVISOR,1
SEEDCELEBRATE,1
SEEDTOSS,1
SEEDFIRED,1
SEEDADVERTISE,1
SEEDJUNIOR,1
SEEDCARDS,1
SEEDLIGHT,1
SEEDSUMMON,1
SEEDCHURCH,1
SEEDEYES,1
SEEDNEED,1
SEEDCHILDREN,1
SEEDFRUIT,1
SEEDWOOD,1
SEEDGAME,1
SEEDAPPOINTMENT,1
SEEDNOW,1
SEEDWELL,1
SEEDTELL,1
SEEDSOUTH,1
SEEDGOSSIP,1
SEEDYESTERDAY,1
SEEDDIRTY,1
SEEDTEST,1
SEEDNO,1
SEEDTEETH,1
SEEDKID,1
SEEDGIRL,1
SEEDBOAT,1
SEEDSCHOOL,1
SEEDEASY,1
SEEDIDEA,1
SEEDMEET,1
SEEDMATCH,1
SEEDNEWSPAPER,1
SEEDFRIEND,1
SEEDFULL,1
SEEDWIFE,1
SEEDCRAZY,1
SEEDDRAW,1
SEEDCAR,1
SEEDFRANCE,1
SEEDAMAZING,1
SEEDBEAT,1
SEEDTOOTHBRUSH,1
SEEDEXCUSE,1
SEEDLESSON,1
SEEDBYE,1
SEEDEND,1
SEEDGERMANY,1
SEEDNIECE,1
SEEDBUT,1
SEEDFACE,1
SEEDTICKET,1
SEEDMOST,1
SEEDFREEDOM,1
SEEDCUT,1
SEEDDRIVE,1
SEEDBUSY,1
SEEDBEANS,1
SEEDSHARE,1
SEEDON,1
SEEDTRUTH,1
SEEDCOST,1
SEEDROOF,1
SEEDLOUSY,1
SEEDFUNNY,1
SEEDSKIN,1
SEEDGOAL,1
SEEDOUTSIDE,1
SEEDANSWER,1
SEEDDECLINE,1
SEEDDISCUSS,1
SEEDMELT,1
SEEDGRAY,1
SEEDHEAVY,1
SEEDMAILMAN,1
SEEDBET,1
SEEDFREEZE,1
SEEDWILL,1
SEEDMEMBER,1
SEEDBEST,1
SEEDLIKE,1
SEEDOVER,1
SEEDDYE,1
SEEDDRY,1
SEEDDICTIONARY,1
SEEDTAN,1
SEEDTHUNDER,1
SEEDCHOKE,1
SEEDTOGETHER,1
SEEDIF,1
SEEDSTRAW,1
SEEDFAINT,1
SEEDSTRONG,1
SEEDPOSTPONE,1
SEEDPRINCIPAL,1
SEEDJOIN,1
SEEDSMOKE,1
SEEDREFUSE,1
SEEDSNOWMAN,1
SEEDVOCABULARY,1
SEEDWEIRD,1
SEEDSCOUT,1
SEEDCAUGHT,1
SEEDSURGERY,1
SEEDBLANK,1
SEEDKINDERGARTEN,1
SEEDPHILADELPHIA,1
SEEDINFECTION,1
SEEDKEEP,1
SEEDNEGATIVE,1
SEEDAFTERNOON,1
SEEDPASS,1
SEEDWORKSHOP,1
SEEDROOMMATE,1
SEEDSTRUGGLE,1
SEEDBOSTON,1
SEEDMARCH,1
SEEDATHLETE,1
SEEDDESIGN,1
SEEDBOARD,1
SEEDAGAIN,1
SEEDTASTE,1
SEEDSEVERAL,1
SEEDCHERISH,1
SEEDPOSITIVE,1
SEEDCONFLICT,1
SEEDREMIND,1
SEEDSWEET,1
SEEDREPLACE,1
SEEDSELL,1
SEEDFOCUS,1
SEEDEXPERT,1
SEEDPOOR,1
SEEDGRANDMOTHER,1
SEEDBALL,1
SEEDWITH,1
SEEDFURNITURE,1
SEEDEARTH,1
SEEDCARVE,1
SEEDCANADA,1
SEEDNURSE,1
SEEDFINALLY,1
SEEDARRIVE,1
SEEDCAUSE,1
SEEDFRENCH,1
SEEDRUSSIA,1
SEEDTV,1
SEEDLINE,1
SEEDCAPTION,1
SEEDENJOY,1
SEEDSURE,1
SEEDCANDLE,1
SEEDSECRET,1
SEEDHOUSE,1
SEEDDOLL,1
SEEDHAIRCUT,1
SEEDSCAN,1
SEEDEARN,1
SEEDBICYCLE,1
SEEDSTEAK,1
SEEDTHIRSTY,1
SEEDPAINT,1
SEEDEAR,1
SEEDFEBRUARY,1
SEEDTROPHY,1
SEEDLESS,1
SEEDDICE,1
SEEDYOUNG,1
SEEDINTERPRETER,1
SEEDSTUCK,1
SEEDRAT,1
SEEDCIRCLE,1
SEEDTODAY,1
SEEDUSE,1
SEEDWEIGHT,1
SEEDCREATE,1
SEEDPLENTY,1
SEEDSILVER,1
SEEDPHARMACIST,1
SEEDSPRING,1
SEEDMISSING,1
SEEDPENGUIN,1
SEEDBOMB,1
SEEDSOFT,1
SEEDWHITE,1
SEEDPUT,1
SEEDCLUELESS,1
SEEDPLAIN,1
SEEDFREE,1
SEEDKNOCK,1
SEEDBRAILLE,1
SEEDDESSERT,1
SEEDRACE,1
SEEDRUIN,1
SEEDSHOULD,1
SEEDCURIOUS,1
SEEDFIX,1
SEEDARGUE,1
SEEDSEVEN,1
SEEDREFRIGERATOR,1
SEEDOCEAN,1
SEEDSKUNK,1
SEEDHALF,1
SEEDWEEKEND,1
SEEDBACK UP,1
SEEDPROGRAM,1
SEEDVERY,1
SEEDDUTY,1
SEEDMEMORIZE,1
SEEDPROTEST,1
SEEDSELF,1
SEEDAREA,1
SEEDTOP,1
SEEDQUARTER,1
SEEDSTUDY,1
SEEDCOACH,1
SEEDICE,1
SEEDDIZZY,1
SEEDBASKET,1
SEEDDOWN,1
SEEDCRASH,1
SEEDBURN,1
SEEDOFTEN,1
SEEDCALIFORNIA,1
SEEDCARRY,1
SEEDONCE,1
SEEDGREAT,1
SEEDAGAINST,1
SEEDROLE,1
SEEDWITHOUT,1
SEEDGRIND,1
SEEDUS,1
SEEDARIZONA,1
SEEDMINE,1
SEEDHAWAII,1
SEEDCOMMITTEE,1
SEEDAWARD,1
SEEDSUNRISE,1
SEEDGROUP,1
SEEDPOPULAR,1
SEEDWEAK,1
SEEDINDIAN,1
SEEDMEDICINE,1
SEEDGO,1
SEEDALL,1
SEEDCAKE,1
SEEDCOPY,1
SEEDMOUTH,1
SEEDMETAL,1
SEEDGRAMMAR,1
SEEDDOWNLOAD,1
SEEDVOICE,1
SEEDMYSELF,1
SEEDSHOCKED,1
SEEDENOUGH,1
SEEDUNCLE,1
SEEDSKI,1
SEEDVOMIT,1
SEEDTOMATO,1
SEEDSINCE,1
SEEDBACK,1
SEEDWEIGH,1
SEEDOFF,1
SEEDGHOST,1
SEEDELEVEN,1
SEEDBULL,1
SEEDTENT,1
SEEDDIG,1
SEEDDIVIDE,1
SEEDHANG,1
SEEDCANNOT,1
SEEDNINE,1
SEEDPHYSICS,1
SEEDZOO,1
SEEDWORD,1
SEEDEASTER,1
SEEDLIPREAD,1
SEEDREGISTER,1
SEEDNEXT,1
SEEDMUST,1
SEEDSPORTS,1
SEEDJEALOUS,1
SEEDAWAY,1
SEEDHERE,1
SEEDSEEM,1
SEEDBETTER,1
SEEDQUIT,1
SEEDBANK,1
SEEDCRACK,1
SEEDRISK,1
SEEDPUSH,1
SEEDRULE,1
SEEDBRING,1
SEEDSTRING,1
SEEDSANTA,1
SEEDESCAPE,1
SEEDSIT,1
SEEDBUS,1
SEEDEAST,1
SEEDPITCHER,1
SEEDEARLY,1
SEEDLOVE,1
SEEDDAUGHTER,1
SEEDSOMETIMES,1
SEEDSAFE,1
SEEDFINGER,1
SEEDWINDY,1
SEEDFUN,1
SEEDMISS,1
SEEDSTILL,1
SEEDSAVE,1
SEEDTO,1
SEEDCALCULATOR,1
SEEDCROWN,1
SEEDSYSTEM,1
SEEDMAD,1
SEEDINSTEAD,1
SEEDCOMMUTE,1
SEEDVOLUNTEER,1
SEEDIMPRESS,1
SEEDSTAY,1
SEEDHUNDRED,1
SEEDCULTURE,1
SEEDTOPIC,1
SEEDMANAGE,1
SEEDREADY,1
SEEDBABYSITTER,1
SEEDAT,1
SEEDLAW,1
SEEDWIND,1
SEEDCOMPLAIN,1
SEEDORGANIZATION,1
SEEDPERSUADE,1
SEEDDONKEY,1
SEEDSKILL,1
SEEDRETIRE,1
SEEDLEFT,1
SEEDENERGY,1
SEEDOPEN,1
SEEDINCH,1
SEEDLICENSE,1
SEEDPUMPKIN,1
SEEDSWEETHEART,1
SEEDATTITUDE,1
SEEDFOURTH,1
SEEDSTING,1
SEEDLOST,1
SEEDPUNISH,1
SEEDREGULAR,1
SEEDEITHER,1
SEEDINEPT,1
SEEDJUMP,1
SEEDFOOL,1
SEEDFAST,1
SEEDJEWISH,1
SEEDPICK,1
SEEDHONOR,1
SEEDSTOP,1
SEEDSEE,1
SEEDBLUE,1
SEEDNEVER,1
SEEDLIST,1
SEEDDRILL,1
SEEDITALY,1
SEEDBATTERY,1
SEEDTHINK,1
SEEDBEARD,1
SEEDWINE,1
SEEDOWN,1
SEEDJAPAN,1
SEEDSMALL,1
SEEDLOSE,1
SEEDINTRODUCE,1
SEEDSHINY,1
SEEDBOTTLE,1
SEEDSTEAL,1
SEEDFEW,1
SEEDZERO,1
SEEDFASCINATED,1
SEEDCOUNTRY,1
SEEDMISCHIEVOUS,1
SEEDCOME,1
SEEDYELLOW,1
SEEDWRITE,1
SEEDBLOND,1
SEEDSEND,1
SEEDALONE,1
SEEDLUCKY,1
SEEDLIGHTNING,1
SEEDFROG,1
SEEDBUY,1
SEEDFORBID,1
SEEDHALL,1
SEEDGRAB,1
SEEDHATE,1
SEEDHOT,1
SEEDDISLIKE,1
SEEDWOW,1
SEEDSTRAIGHT,1
SEEDSTATE,1
SEEDDRESSER,1
SEEDEXPECT,1
SEEDTTY,1
SEEDROAD,1
SEEDNOTHING,1
SEEDYOURSELF,1
SEEDPAGE,1
SEEDOK,1
SEEDDISAPPOINT,1
SEEDSIX,1
SEEDHEAD,1
SEEDCLOSE,1
SEEDTOWEL,1
SEEDSINGLE,1
SEEDGIVE,1
SEEDGRANDPARENTS,1
SEEDUNTIL,1
SEEDAPRIL,1
SEEDLONG,1
SEEDHURRY,1
SEEDTAKE,1
SEEDPEAR,1
SEEDTOMORROW,1
SEEDHIS,1
SEEDRAINBOW,1
SEEDBOYFRIEND,1
SEEDEVENT,1
SEEDFORM,1
SEEDCHILD,1
SEEDYES,1
SEEDINTERPRET,1
SEEDSOFTBALL,1
SEEDWHEELCHAIR,1
SEEDHANDS,1
SEEDCOUCH,1
SEEDBEACH,1
SEEDEIGHT,1
SEEDWHALE,1
SEEDALRIGHT,1
SEEDINDEPENDENT,1
SEEDALWAYS,1
SEEDOLDEST,1
SEEDCOMFORTABLE,1
SEEDTOUCH,1
SEEDPREGNANT,1
SEEDINSIDE,1
SEEDLISTEN,1
SEEDADOPT,1
SEEDATLANTA,1
SEEDREACH,1
SEEDHUMOR,1
SEEDVISIT,1
SEEDPICKLE,1
SEEDDINOSAUR,1
SEEDVISION,1
SEEDMAJOR,1
SEEDSUNDAY,1
SEEDPLIERS,1
SEEDEQUAL,1
SEEDBROWN,1
SEEDART,1
SEEDDRUNK,1
SEEDWRONG,1
SEEDCOW,1
SEEDTHURSDAY,1
SEEDPAST,1
SEEDHIGH,1
SEEDBREATHE,1
SEEDLAWYER,1
SEEDWEST,1
SEEDHOUR,1
SEEDGOLD,1
SEEDSATURDAY,1
SEEDTHIN,1
SEEDHAPPEN,1
SEEDBUG,1
SEEDBIRTH,1
SEEDINTERNET,1
SEEDOFFICE,1
SEEDBEER,1
SEEDWET,1
SEEDBREAK,1
SEEDBAD,1
SEEDMY,1
SEEDHAMBURGER,1
SEEDBUSINESS,1
SEEDFRUSTRATE,1
SEEDSNAKE,1
SEEDWEDNESDAY,1
SEEDLOUD,1
SEEDDIE,1
SEEDME,1
SEEDSET UP,1
SEEDDELICIOUS,1
SEEDGOLF,1
SEEDSQUIRREL,1
SEEDRESPONSIBILITY,1
SEEDSTRESS,1
SEEDWEATHER,1
SEEDPRESIDENT,1
SEEDCHINA,1
SEEDREST,1
SEEDSWALLOW,1
SEEDLECTURE,1
SEEDNUMBERS,1
SEEDSUN,1
SEEDPOINT,1
SEEDTIRED,1
SEEDOLD,1
SEEDWAIT,1
SEEDCLASS,1
SEEDFINGERSPELLING,1
SEEDCHICAGO,1
SEEDTREE,1
SEEDCOLOR,1
SEEDBOX,1
SEEDPERFECT,1
SEEDTRUE,1
SEEDBACON,1
SEEDOOPS,1
SEEDMATH,1
SEEDMANY,1
SEEDWEDDING,1
SEEDEMAIL,1
SEEDBOY,1
SEEDTOILET,1
SEEDBAR,1
SEEDSHOP,1
SEEDFROM,1
SEEDTIGER,1
SEEDSLEEP,1
SEEDSISTER,1
SEEDLAPTOP,1
SEEDSTART,1
SEEDSODA,1
SEEDMUSIC,1
SEEDOWL,1
SEEDPERCENT,1
SEEDPHONE,1
SEEDPULL,1
SEEDPENCIL,1
SEEDBEAR,1
SEEDACCIDENT,1
SEEDSUNSET,1
SEEDCHEESE,1
SEEDATTENTION,1
SEEDSILLY,1
SEEDCHECK,1
SEEDBEDROOM,1
SEEDWATER,1
SEEDHOLIDAY,1
SEEDELEPHANT,1
SEEDPRISON,1
SEEDHELP,1
SEEDHAPPY,1
SEEDREASON,1
SEEDSYMPATHY,1
SEEDDISNEY,1
SEEDBREAKDOWN,1
SEEDBIRTHDAY,1
SEEDWARM,1
SEEDCOLD,1
SEEDGRADUATE,1
SEEDSOMETHING,1
SEEDCHEAP,1
SEEDHURRICANE,1
SEEDPLAN,1
SEEDINTERVIEW,1
SEEDNONE,1
SEEDPANCAKE,1
SEEDPLACE,1
SEEDPLATE,1
SEEDSPIDER,1
SEEDPLANT,1
SEEDBANDAGE,1
SEEDYOUR,1
SEEDIN,1
SEEDPROJECT,1
SEEDUP,1
SEEDCHAMP,1
SEEDWORSE,1
SEEDACCEPT,1
SEEDEXCITED,1
SEEDBREAK DOWN,1
SEEDFAMOUS,1
SEEDCHAOS,1
SEEDBEFORE,1
SEEDPROCESS,1
SEEDEVERYDAY,1
SEEDONE,1
SEEDPRACTICE,1
SEEDSPAIN,1
SEEDDIFFERENT,1
SEEDPLAYERS,1
SEEDTUESDAY,1
SEEDNEAR,1
SEEDNOT,1
SEEDHE,1
SEEDAUNT,1
SEEDOR,1
SEEDCLEAN,1
SEEDADD,1
SEEDSUSPEND,1
SEEDBRIGHT,1
SEEDSPEND,1
SEEDBARELY,1
SEEDPLUS,1
SEEDFAIR,1
SEEDSAUSAGE,1
SEEDTECHNOLOGY,1
SEEDTRANSFER,1
SEEDSHELF,1
SEEDHOTEL,1
SEEDHOCKEY,1
SEEDPAPER,1
SEEDWOLF,1
SEEDPIE,1
SEEDTURTLE,1
SEEDSTREET,1
SEEDREAD,1
SEEDSURF,1
SEEDBIRD,1
SEEDSHOWER,1
SEEDMICROWAVE,1
SEEDFISH,1
SEEDBALLOON,1
SEEDGOAT,1
SEEDRADIO,1
SEEDSHEEP,1
SEEDHISTORY,1
SEEDSOCKS,1
SEEDMAGAZINE,1
SEEDLION,1
SEEDSHY,1
SEEDSTARS,1
SEEDDRAWER,1
SEEDCHAIR,1
SEEDWAITER,1
SEEDSTUDENT,1
SEEDDEODORANT,1
SEEDDEER,1
SEEDGORILLA,1
SEEDPOPCORN,1
SEEDCAMPING,1
SEEDHOMEWORK,1
SEEDSALAD,1
SEEDBLANKET,1
SEEDCUP,1
SEEDMOON,1
SEEDCOUNSELOR,1
SEEDBRUSH,1
SEEDHORSE,1
SEEDISLAND,1
SEEDCOFFEE,1
SEEDDIAPER,1
SEEDDUMB,1
SEEDTABLE,1
SEEDPOTATO,1
SEEDMONTH,1
SEEDDANCER,1
SEEDCEREAL,1
SEEDLANGUAGE,1
SEEDINSULT,1
SEEDNEPHEW,1
SEEDBOOK,1
SEEDROOM,1
SEEDSCIENTIST,1
SEEDSKIRT,1
SEEDPROMISE,1
SEEDSPAGHETTI,1
SEEDUMBRELLA,1
SEEDPEPPER,1
SEEDSCISSORS,1
SEEDCHANCE,1
SEEDCURTAIN,1
SEEDBUTTER,1
SEEDSHORTS,1
SEEDGRASS,1
SEEDROCK,1
SEEDPRIDE,1
SEEDORANGE,1
SEEDSURGEON,1
SEEDTEACHER,1
SEEDBREAD,1
SEEDPLAYGROUND,1
SEEDCAFETERIA,1
SEEDBIOLOGY,1
SEEDLIBRARY,1
SEEDASIA,1
SEEDTENNIS,1
SEEDGUITAR,1
SEEDGARAGE,1
SEEDLAZY,1
SEEDAFRICA,1
SEEDACTOR,1
SEEDFLOWER,1
SEEDEGG,1
SEEDWINDOW,1
SEEDSOUP,1
SEEDHUNT,1
SEEDSHRIMP,1
SEEDSOME,1
SEEDBATHROOM,1
SEEDPRINT,1
SEEDPILL,1
SEEDDOOR,1
SEEDFOX,1
SEEDBATH,1
SEEDTHREE,1
SEEDANGRY,1
SEEDMOTHER,1
SEEDDRESS,1
SEEDGRANDFATHER,1
SEEDFAVORITE,1
SEEDBUTTERFLY,1
SEEDBECAUSE,1
SEEDTRAIN,1
SEEDCHOCOLATE,1
SEEDIMPORTANT,1
SEEDRAIN,1
SEEDSURPRISE,1
SEEDWORK,1
SEEDSEW,1
SEEDFOUR,1
SEEDCOOKIE,1
SEEDPERSON,1
SEEDWORM,1
SEEDTHINGS,1
SEEDTROUBLE,1
SEEDAFTER,1
SEEDWEAR,1
SEEDPEOPLE,1
SEEDDANCE,1
SEEDEXPERIENCE,1
SEEDTRAVEL,1
SEEDBASEMENT,1
SEEDAND,1
SEEDCIGARETTE,1
SEEDCHARACTER,1
SEEDEMBARRASS,1
SEEDFINISH,1
SEEDBORROW,1
SEEDTEXT,1
SEEDMUSEUM,1
SEEDLEAVE,1
SEEDEXPENSIVE,1
SEEDFATHER,1
SEEDFOR,1
SEEDLONELY,1
SEEDFAMILY,1
SEEDSORRY,1
SEEDUGLY,1
SEEDDAY,1
SEEDSHOW,1
SEEDAMERICA,1
SEEDFOOTBALL,1
