Gloss,Frequency
DOG1,24
HURDLE/TRIP1,22
BREAKFAST1,21
DEMAND1,21
DARK1,21
BITE1,21
WHATFOR1,20
DEAF1,20
MECHANIC1,20
PARTY1,20
ROCKINGCHAIR1,20
DECIDE1,20
BEE1,19
BELT1,19
EDIT1,19
ELEVATOR1,19
BASKETBALL1,19
LUNCH1,19
PATIENT2,19
DEVELOP1,19
SHAVE1,19
CHRISTMAS1,19
NOON1,19
RIVER1,19
AXE1,19
BACKPACK1,19
HALLOWEEN1,19
FINE1,19
MICROSCOPE1,18
SINK,18
SQUEEZE,18
DOWNSIZE1,18
FLOAT1,18
CANCER1,18
HOSPITAL1,18
MOVIE1,18
DRAG1,18
TWINS1,18
MEAT1,18
GUESS1,18
THEY1,18
FOREIGNER1,18
LOCK1,18
DINNER1,18
CONFUSED1,18
RAZOR2,18
JEWELRY,18
MAPLE,18
EAT1,18
KNIGHT1,18
VOMIT,17
TOMATO,17
GRAMMAR,17
TEACH1,17
SWEATER2,17
JOKE,17
SCROLLDOWN,17
PIPE2,17
ERUPT2,17
THIRD1,17
PEG2,17
HOW1,17
CHEESEGRATER,17
VLOG,17
MOUTH,17
DUCK2,17
COMB2,17
8HOUR,17
ANYONE,17
ARTICULATESIGN,17
PRESS,17
SHOCKED,17
OFFEND,17
SLIDE2,17
MYSELF,17
BABY2,17
WALK-TIGHTROPE-CL,17
TRACTOR,17
EMPTY2,17
APPLE,17
CEMETERY,17
CLOSE,17
NIGHT1,17
CATAPULT,17
LETTUCE1,17
PONDER,17
CAPTURE,17
INTUITIVE,17
HOPE,17
OTHER,17
CALENDAR1,17
MEACULPA,17
SINCE,17
HELICOPTER2,17
CHEEK,17
IMPOSSIBLE,17
SOCCER2,17
SHARK1,17
BASEBALLCAP,17
TAIL1,17
RECENT1,17
AUTISM1,17
LICKENVELOPE2,17
LONGLINE,17
EASY,17
ENOUGH,17
SKI,17
RESEARCH1,17
SOCIETY,17
MICROSCOPE2,17
TYPE1,17
UNCLE,17
RHINO2,17
RABBIT2,17
PENNY,17
COPY,17
BANDAGE,17
UNDERWEAR1,17
ZEBRA,17
ADVERTISE,17
ALLOFSUDDEN,17
FAIL,17
FLIP,17
VOICE,17
SAIL2,17
SWEATPANTS,17
SHARPEN2,17
GOODYGOODYSHOEOPPOSITE,17
TICKLE,17
PEEKABOO,17
PULLCONVINCE,17
SPECIAL1,17
CHEW1,17
CHEER,17
RIGHT3,17
SCARF2,17
METAL,17
SCULPTURE,16
STRAIN1,16
GLASS3,16
ITALY,16
STACK4,16
SPILL2,16
FOND,16
FASCINATED,16
SKATEBOARDING3,16
SHAVE3,16
FOLLOW1,16
JACKET3,16
BUBBLES,16
CATCH2,16
POP3,16
SCREWDRIVER3,16
POP4,16
CLOCK2,16
PECK,16
BED2,16
TIEUP2,16
IMAGINE2,16
PRICE,16
DRILL,16
JEWISH,16
CROSS2,16
SOMERSAULT1,16
FAST,16
CARDS,16
SWEATSHIRT,16
ADDRESS,16
BUCKLE1,16
BELIEVE1,16
METAPHOR,16
RUSSIA,16
NOTINTERESTED,16
LATER,16
5DOLLARS,16
CURTSEY1,16
STETHOSCOPE2,16
CARVE,16
MAGNET4,16
BOTTLE,16
STAMP3,16
PEG3,16
SLICE1,16
HONOR,16
ASSEMBLY,16
STOP,16
TRIP1,16
REGULAR,16
DROWN5,16
FLASHLIGHT4,16
FEED1,16
CORKSCREW1,16
HARDOFHEARING,16
HELMET1,16
WINDMILL3,16
EITHER,16
LOAD2,16
SHINY,16
MAIL1,16
BISON,16
BRAINSTORM,16
WASHMACHINE,16
DECORATE2,16
DAY,16
BATTERY,16
THINK,16
RHINO3,16
LOSE,16
WRISTWATCH3,16
GUN2,16
INTRODUCE,16
FOOL,16
JUMP,16
UNDERGRADUATE,16
MEDITATE3,16
SUPERIOR,16
WHOLE,16
INEPT,16
BEARD,16
SOMERSAULT3,16
LOCK3,16
HAIRDRYER2,16
PICK,16
MAGNIFY2,16
SCOOP,16
SAMESAME,16
VIEW,16
EACH,16
SERVE1,16
FRACTION,16
GRENADE,16
OCTOPUS,16
KICK2,16
WHILE,16
NAILCLIPPER,16
BASKET1,16
FILTER,16
BACKOUT,16
WANT1,16
SNOWBOARD,16
GETINBED,16
CAT3,16
TRIANGLE,16
MILK2,16
WHISTLE2,16
DOWNLOAD,16
CAKE,16
POLICEMAN2,16
OPENBOOK,16
ROAST,16
NOTMIND,16
BLINDS2,16
PEG1,16
TEAM,16
JUICE1,16
DODO,16
TAKECARE,16
BOXING,16
FALLINGASLEEP,16
CHASE,16
CHAIN,16
STICKY,16
CHAMPION,16
SKUNK,16
SAILBOAT,16
NOSE,16
WATERDROP,16
ENTER,16
UNCERTAIN,16
IMPROVE,16
BECOME,16
FASHION,16
COOL3,16
INFLUENCE,16
SWITZERLAND,16
GIFT,16
EGGBEATER,16
WORKOUT,16
FLUTE,16
PSYCHOLOGY,16
ESCALATOR,16
BLAME,16
GREET1,16
STORY2,16
OFF,16
SUSHI,16
PIZZACUTTER,16
CANNOT,16
SELECT,16
FOREVER1,16
PARACHUTE2,16
WALRUS,16
CHEW4,16
PINEAPPLE2,16
CRY3,16
KNIFE2,16
CAPTION,16
HANG,16
APART,16
VASE,16
SHOVEL2,16
DIVIDE,16
TENT,16
BULL,16
CRAWL2,16
SSHH,16
ZOO,16
PHYSICS,16
SALTSHAKER,16
NINE,16
WADE1,16
LINE,16
COOPERATE,16
WEIGH,16
PASSPORT,16
DIG,16
DECORATE1,16
EAR,16
STOCKINGS,16
WASH2,16
SANDWICH3,16
CANDLE,16
LOBSTER2,16
SURE,16
GHOST,16
EARN,16
HAIRCUT,16
TANKTOP,16
HOUSE,16
PRETEND,16
BACK,16
ENVELOPE5,16
DIFFERENTSITUATION,16
CLOUD4,16
CLOSEEYES,16
DEFLATE,16
TEACH2,16
SLIPPER,16
ELEVEN,16
KNITTING2,16
CELLPHONE,16
CROSSHEART,16
CARROT2,16
BENEFIT,16
EYES,16
CHURCH,16
CHILD,16
INDEPENDENT,16
NEEDLE,16
OLDEST,16
HEADCOLD,16
CROSS3,16
SENTENCE2,16
TOMORROW,16
HIS,16
HARP,16
GOSSIP,16
ALWAYS,16
BOILINGMAD,16
EVERYYEAR,16
MESS,16
WHALE,16
HOLDHANDS,16
WHEELCHAIR,16
HANDS,16
CLOCK1,16
RABBIT1,16
YOUR,16
KNITTING1,16
BOWLING2,16
RIDE1,16
CRACKER2,16
VAMPIRE,16
CROSS1,16
JACKET1,16
GLASS1,16
CATEPILLAR,16
RUN2,16
TAKE,16
INTENTIONAL,16
LONG,16
HURRY,16
PASSOUT,16
BELL,16
YESTERDAY,16
OK,16
WRITEONWALL,16
DISAPPOINT,16
SIX,16
ROLL,16
SCREAM,16
HEAD,16
NUT1,16
SMELLMONEY,16
BALANCE,16
DIRTY,16
LAND,16
BOTH,16
PINCH1,16
LIFT1,16
BREAKTIME,16
NO,16
ZIPPER,16
TEETH,16
KID,16
GIRL,16
BOAT,16
SCHOOL,16
THERMOMETER,16
LETKNOW,16
MEET,16
SNOW2,16
WILLGO,16
LAYDOWN,16
EXPERIMENT,16
EVERYNIGHT,16
GETTOGETHER,16
STORY1,16
WE,16
DOWNHILL,16
CURLYHAIR,16
MOSQUITO,16
BETWEEN,16
TOY1,16
SPICY,16
BULLSHIT,16
ADVANTAGE,16
WHISPER,16
THERAPY,16
POWDER,16
SHARPEN1,16
EASYTODO,16
CIRCUSWHEEL,16
WEAVE,16
SMOOTH,16
SCOLD,16
STINK,16
ROSE,16
PRECIOUS,16
TUBE,16
COUNT,16
NICE,16
PEACOCK,16
OSTRICH,16
MEDITATE1,16
SHAKE1,16
THANKYOU,16
HUG,16
INHALE,16
ARTICLE,16
LEAVEALONE,16
ALRIGHT,16
SHORTPERSON,16
PEOPLE,16
BROTHER,16
FLASHLIGHT2,16
DONTFEELLIKE,16
SLIP1,16
SNEEZE1,16
COUCH,16
BEACH,16
FRINGE,16
TOUCH,16
COOL4,16
EIGHT,16
BUMPY,16
CLIENT,16
TONGUE,16
PLANT,16
TURN,16
CORNER,16
HATCH2,16
PILLOW2,16
CASTLE2,16
DEMOTE,16
SUPERVISOR,16
INSTITUTE,16
LICKENVELOPE1,16
BRAG,16
REMOVE,16
PEEL1,16
SHORTWORD,16
LABEL,16
SOPHOMORE,16
COMEOUT,16
VACUUM,16
MISCHIEVOUS,16
COUNTRY,16
COCAINE,16
PEEL3,16
HOSE,16
GRASP,16
AVOID,16
DEPTH,16
ERASE4,16
CASTLE4,16
OWN,16
SMALL,16
JAPAN,16
PRAYER,16
YELLOW,16
EVEN,16
BUY,16
FORBID,16
CAMCORDER,16
HALL,16
GRAB,16
FORK3,16
SIGNINGFLUENTLY,16
KISS3,16
CATEGORY,16
YOURSELF,16
PAGE,16
FINANCE,16
POUR2,16
HATE,16
HOT,16
BEHAVIOR,16
WHAT1,16
TOY3,16
SERVE2,16
SPACESHIP,16
STRAWBERRY2,16
PINEAPPLE3,16
PLOW2,16
SKIRT,16
OIL1,16
FUZZY,16
WRITE,16
PROTECTION,16
CRY4,16
FEW,16
RAKE,16
ZERO,16
STEP,16
IGNORE,16
EARRING,16
KNITTING3,16
SCRUB,16
BLOND,16
DONTKNOW,16
KANGAROO3,16
WINK,16
CANDY2,16
STEAL,16
MISUNDERSTAND,16
HUMMINGBIRD,16
PANTS2,16
YAWN3,16
DENTIST2,16
WINE,16
BRAIDS,16
CAROUSEL,16
EDGE,16
SHAVE4,16
HOLDTOGETHER,16
TICKET,16
MOST,16
CUT,16
BUSY,16
LOLLIPOP,16
DEPRESS,16
DISRUPT,16
TEST,16
SUCK,16
YUCKY,16
PLUG1,16
SKIN,16
STRAIGHT,16
STATE,16
SINGLE,16
DRESSER,16
TOOMUCH,16
SARCASTIC,16
END,16
GERMANY,16
LETMESEE,16
NIECE,16
BUDGET,16
FAUCET,16
GOD,16
WIFE,16
FACE,16
TOOTHBRUSH,16
EXCUSE,16
REVENGE,16
NOTHING2,16
CHOP,16
WASH1,16
NEWSPAPER,16
SPONTANEOUS,16
BEAT,16
SNEAKADVENTURE,16
LOUSY,16
DISLIKE,16
MEAT2,16
WOW,16
GAMBLE,16
WASHDISHES,16
CLIMBLADDER,16
HIGHLIGHTER,16
ISOLATED,16
SWIM1,16
ORANGETHROAT,16
ORANGEEYES,16
ANSWER,16
DISCUSS,16
ROBOT,16
MELT,16
SNAP,16
LETGO,16
MOTIVATION2,16
TTY,16
EXPECT,16
SUPPORT2,16
ROAD,16
ROUGH,16
PET1,16
COST,16
GRAY,16
HEAVY,16
BEANS,16
PIZZA2,16
SHARE,16
SLAVE,16
ON,16
TRUTH,16
SIGNATURE,16
GYM,15
AUDITORIUM,15
HARMONICA,15
HINGE,15
WELCOME1,15
POLICY,15
PROPOSE,15
TOTAL,15
ALASKA,15
PARANOID,15
EACHOTHER,15
PACK,15
RESULT,15
SQUARE,15
TOSSOUT,15
EAGLE1,15
FILE2,15
TRIM2,15
CHEW3,15
DOG2,15
SOMETHING,15
CHEAP,15
SWORD,15
RICH,15
EMPHASIS,15
HABIT,15
SIGN,15
BIB,15
CELERY,15
STAMP2,15
SOPHISTICATED,15
PERFUME2,15
OUR,15
PLANET,15
CONCERNED,15
HANDSOME2,15
HANUKKAH,15
BEANIE,15
HONEY1,15
NORMAL,15
FOLD1,15
THAN,15
SIDEBURNS,15
ACCORDION,15
DONUT,15
SPITOUT,15
BLOOM,15
INTERESTED,15
PAY,15
BOTTOM,15
EYESAWAKE,15
LUNGS,15
LICK1,15
ONEMORE1,15
DIZZY,15
COACH,15
HONGKONG,15
STUDY,15
QUARTER,15
FINGERSCROSSED,15
HOLY,15
SHARP1,15
BURN,15
VITAMINS,15
WALL,15
CLOTHES,15
SOAP2,15
CONNECTION,15
ENGINESTART,15
REACT,15
DOWN,15
ICE,15
CALM,15
W.H.A.T,15
CATCH1,15
HEADBACK,15
SAVEMONEY,15
UNAWARE,15
PHOTOGRAPHY,15
ADMIRE,15
NAVY,15
BLINK,15
PAIR,15
CANNON,15
CONVINCE2,15
ENVIRONMENT,15
OFTEN,15
NOTATHING,15
SAMETIME,15
MODEL1,15
STACK3,15
VIDEOGAME,15
WASHFACE2,15
SINGLEOUT,15
LOAD1,15
SPECIALIST,15
MAINSTREAM,15
CRASH,15
STEAM,15
LINGUISTICS,15
BASKET2,15
OPINION1,15
NOTHINGATALL,15
GREAT,15
FAKE,15
CLOSET1,15
OVERWHELMED,15
BEAK,15
INVEST,15
WRAPUP1,15
ASSISTANT,15
WEWILLSEE,15
BALD,15
WATERSKI,15
SLINGSHOT,15
ROB,15
WATCH,15
POLE,15
GROUP,15
MINE,15
ARIZONA,15
SEESEE,15
US,15
FILE3,15
GRIND,15
ROLE,15
WITHOUT,15
AGAINST,15
ONCE,15
NEXTYEAR,15
TWOWEEKS,15
CARRY,15
TURKEY2,15
CALIFORNIA,15
THROW2,15
CITY2,15
CALL2,15
HIPPO2,15
HOODIE1,15
TIE2,15
BURY2,15
CRUMPLE,15
BRIDGE2,15
CRY2,15
DROWN4,15
BLUR,15
SHOULDER2,15
COMMITTEE,15
PLUG2,15
HAWAII,15
HAT2,15
CASTLE3,15
BITEONARM,15
COMB1,15
ARM3,15
GLOVES4,15
SUNRISE,15
DOLPHIN3,15
IDENTITY,15
BANANA3,15
HOLD2,15
STRETCH2,15
AWARD,15
BURY3,15
TOW3,15
SPREAD2,15
FORK2,15
SHOOT2,15
GO,15
MIX3,15
MEDICINE,15
SLIP2,15
POINTINDEX,15
QM,15
TWIRL,15
ONEMORE2,15
FOUL,15
WEAK,15
WRESTLE,15
FORK1,15
DEPARTMENT,15
POPULAR,15
STRIPE,15
HEN,15
HIDE,15
FREAKOUT,15
JAR,15
MOVEDOWN,15
SHORTDISTANCE,15
TWOMORE,15
GENERATION,15
ADD,15
DONTLIKE,15
ABBREVIATE,15
ALLOVER,15
ALL,15
FENCE2,15
TINY,15
SWIM2,15
CONSUME,15
OR,15
CONTACTLENS,15
CUTREMOVEVID,15
ABSOLUTELYNOTHING,15
CHAMP,15
DIGUP,15
BEG,15
TAKEOFF1,15
TEARRIP1,15
OHISEE,15
STUCK,15
RELAX1,15
RANGE,15
HANDSOAP,15
CIRCLE,15
SHAME,15
RAT,15
MIX2,15
INTERPRETER,15
IMPACT,15
YOUNG,15
DICE,15
OPENWALLET,15
ROCKET2,15
WEIGHT,15
USE,15
TODAY,15
GIVEUP,15
TEAR,15
BUN,15
CORKSCREW2,15
SCAN,15
ORAL,15
JUGGLE,15
ADULT,15
DOLL,15
SECRET,15
GOOSEBUMPS,15
BRIGHT,15
WASHHANDS,15
TROPHY,15
PAINT,15
DROWN3,15
SMOKING,15
BICYCLE,15
PEANUTBUTTER,15
ABOVE,15
DIP3,15
STRETCH1,15
RUNFAUCET,15
BRA3,15
TENDYOUR,15
DESTROY,15
NECKLACE2,15
DART,15
PIPE3,15
WANT2,15
ERASE2,15
ENJOY,15
FRENCH,15
LIGHTCANDLE,15
GUN1,15
TV,15
CHEW2MOUTH,15
HOTEL,15
HOCKEY,15
BOLT,15
NEXT,15
SIGNLANGUAGE,15
PET2,15
STAND-UP,15
SAUSAGE,15
FAIR,15
LIVINGROOM,15
PLUS,15
TEMPERBLOWUP,15
BARELY,15
SPEND,15
PROPELLER,15
GATE,15
REGISTER,15
HOLDACCOUNTABLE,15
LIPREAD,15
WORD,15
GUIDE,15
SNEEZE2,15
JEALOUS,15
SPORTS,15
MUST,15
CAUSE,15
STRETCH-CA,15
ARRIVE,15
YEAH,15
MAGIC,15
SAW1,15
RESTAURANT,15
ENVELOPE1,15
CAN1,15
ROPE,15
KISS1,15
MAGNET2,15
DRAGON,15
GUILTY,15
ALCOHOL,15
PEN,15
FAR,15
SMELL,15
CONTINUE,15
CANCEL1,15
BASIC,15
HOTDOG,15
FALL1,15
CAREFUL,15
YEAR,15
PREFER,15
VACATION,15
BAKE2,15
TIME,15
FLIPSWITCH,15
TEASE,15
MOVE,15
SING,15
TOAST,15
YOU,15
CONFIDENT,15
SMART,15
DEPENDON,15
LEATHER,15
SHOT,15
WRING,15
WINTER,15
COOL1,15
CHURN,15
HEARTBODY,15
TECHNOLOGY,15
CHARGE,15
PIZZA1,15
HANDSOME1,15
ALLGONE,15
CANADA,15
SMILE1,15
ZOOMOFF,15
ACCOUNTANT,15
NAPKIN,15
BEHIND,15
KEY,15
HARD,15
FAT,15
RUDE,15
MORE,15
REALLY,15
VIOLIN,15
FRECKLES,15
HIPPO1,15
MUSTACHE,15
CATHOLIC,15
FLOOR,15
THANKSGIVING,15
MAN,15
DREAM,15
MOCK,15
HEAP,15
WISH,15
WARN,15
VOTE,15
MINUTE,15
VIDEOCAMERA1,15
QUIET,15
MONEY1,15
RETRIEVE,15
BLINDS1,15
AWKWARD,15
BOSS,15
WAVE,15
PARENTS,15
PEACE,15
HEADACHE,15
WRISTWATCH1,15
KITCHEN,15
FILM,15
CHALLENGE,15
WORLD,15
CORN1,15
BLACK,15
LIE,15
SON,15
FEEL,15
WONDER,15
RIGHT1,15
JUDGE,15
INTEREST,15
FIRE,15
TOURNAMENT,15
MEAN2,15
STARBUCKS,15
FRIDAY,15
LEARN,15
CAMERA,15
NOTHING1,15
GOOD,15
BORED1,15
BINOCULARS,15
EARTHQUAKE,15
ENGINEER,15
SUBTRACT,15
PICTURE,15
AMERICA,15
GROW,15
SHOW,15
SCARCELY,15
STAFF,15
UGLY,15
NAKED,15
FLASHLIGHT1,15
ANNOUNCE,15
RUN1,15
MCDONALDS,15
GIRAFFE,15
SECRETARY,15
HUNGRY,15
MIRROR,15
HEART,15
FANTASY,15
SCULPT,15
LEFT,15
NETWORK,15
NONSENSE,15
BAG2,15
STAYAWAKE24HRS,15
GOTHROUGH,15
HOE,15
SOCCER1,15
SHOES,15
PIG,15
TEA,15
SUMMER,15
VOLLEYBALL,15
FOOTBALL,15
BOOTS2,15
TOW1,15
EARTH,15
WITH,15
DOLPHIN2,15
HELICOPTER1,15
RACECARTRACK,15
CHEAT2,15
GLOVES3,15
SWEATER1,15
RHINO1,15
GRAPES2,15
EXPERT,15
ANALYZE,15
ENERGY,15
CLASH,15
WHITEPERSON,15
YAWN2,15
POUR1,15
GOINGTHROUGHAHARDTIME,15
SKATEBOARDING2,15
HEAR2,15
SOFA,15
VISITOR,15
DOCTOR2,15
LICENSE,15
SIDE,15
KISSFIST,15
MIDDLE,15
SORRY,15
FAMILY,15
VALLEY,15
LOST,15
LOSEGAME,15
ROAR2,15
DEAFSCHOOL,15
CORN3,15
COMMENT,15
OPEN,15
QUALITY,15
KANGAROO2,15
STING,15
FOURTH,15
MODEL2,15
ADDICT,15
LAMP2,15
ATTITUDE,15
PUMPKIN,15
LETTER2,15
NURSE,15
LEAF2,15
GLOVES2,15
BLOWCANDLE1,15
TRIPLE,15
FOLLOW3,15
TABLET,15
ALIGN,15
TEARRIP2,15
SWEETHEART,15
SKI-CA,15
ERASE3,15
MINDTURNED,15
PUNISH,15
1DOLLAR,15
DUMB,15
DIAPER,15
MILK1,15
WRISTWATCH2,15
POOP,15
PISSEDOFF,15
FROWN1,15
SHOUT2,15
TEENAGER,15
MAGNET3,15
FOCUS,15
SELL,15
DRUM,15
JIGSAWPUZZLE,15
KNEEL,15
UPLOAD,15
SEE,15
REMEMBER2,15
MONEY2,15
FEEDBACK,15
ELECTRICIAN,15
CAMPING,15
BRIDESMAID,15
POPCORN,15
GORILLA,15
SWING1,15
PANTS1,15
GRANDMOTHER,15
IPHONE,15
KISS2,15
POOR,15
BLEED,15
CANDY1,15
CUP,15
BLANKET,15
REPLACE,15
ROAR1,15
MAKEBELIEVE,15
SWEET,15
NEPHEW,15
INSULT,15
LANGUAGE,15
MASCARA,15
LIST,15
BLUE,15
THINKPONDER,15
STUPID2,15
OFFTHEPOINT,15
MONTH,15
ANGEL,15
POTATO,15
TABLE,15
TIE1,15
ENGLISH,15
HUMBLE,15
MOP1,15
BARK1,15
PARACHUTE3,15
FOLD2,15
COFFEE,15
SOAP1,15
DORMITORY,15
COUNSELOR,15
DOLPHIN1,15
BOOK,15
ROOM,15
SANDWICH1,15
CAT1,15
FILLOUT,15
PLUNGER,15
PITY,15
NEVER,15
SWEEP,15
THINKCHIN,15
TAIL2,15
GUN3,15
CEREAL,15
DANCER,15
COMPUTER,15
CHEAT1,15
SPAGHETTI,15
BLACKBIRD,15
RESTALLDAY,15
NAVEL,15
SLICE4,15
PEAS2,15
EASEL,15
HAIRCLIPPER,15
CHIMNEY,15
SOMERSAULT2,15
COWBOY,15
CLEFTCHIN,15
KNIGHT2,15
CURL1,15
PROMISE,15
SCIENTIST,15
LIGHTNING,15
THINKOVER,15
DENY,15
ALONE,15
LUCKY,15
CROCODILE,15
LIGHTSON,15
WAND,15
COME,15
STRAWBERRY3,15
PERSUADE,15
LUCK,15
OIL2,15
IF,15
GOATEE,15
HAHA,15
THROWAWAY,15
CLAW,15
BOW2,15
VAIN,15
CLOUD1,15
TEMPORARY,15
WISE,15
BITCH,15
WHEELBARROW,15
WADE2,15
STADIUM,15
SO,15
EVERYTHING,15
WHAT2,15
LEARNLESSON,15
FOREVER2,15
GAY,15
SEND,15
GRIEVE,15
BACHELOR,15
LONELY,15
FOR,15
LEAVE,15
ZOOMIN,15
WHATEVER,15
THIEF2,15
MUCH,15
FRONT,15
MUSEUM,15
TEXT,15
FINISH,15
BORROW,15
LIMITED,15
SCARMEMORY,15
QTIP,15
FAN,15
REDFACED,15
THUNDER,15
PUTASIDE,15
STRONG,15
STRAW,15
SPREAD1,15
TAN,15
DICTIONARY,15
RUSH,15
FROG,15
SUMMARIZE,15
PRIEST,15
OVER,15
LIKE,15
MURDER,15
BAT2,15
BEST,15
WILL,15
FREEZE,15
DISTRACTED,15
BET,15
MAILMAN,15
GREENBEANS,15
PAYOFFBILLS,15
THIS/IT,15
CHARACTER,15
THOUGHTDISAPPEAR,15
STARE,15
LESSON,15
CAMERAMAN,15
PROOF,15
FLOAT3,15
FREEDOM,15
ROCKET1,15
TOWEL,15
LOOKFORWARD,15
FUNNY,15
ROOF,15
VANILLA,15
DRIVE,15
OUTSIDE,15
GOAL,15
DRY,15
DYE,15
BOYFRIEND,15
DOESNTMATTER,15
EARMUFFS,15
SHAVE5,15
AMAZING,15
FRANCE,15
CAR,15
DRAW,15
CRAZY,15
FRIEND,15
FULL,15
GAME,15
FORFEIT,15
BUT,15
BYE,15
FEDUP,15
DELEGATE,15
APRIL,15
MATCH,15
PREACHER,15
IDEA,15
CANOE,15
GRADUATESCHOOL,15
UPSET2,15
ASSIGN,15
UNTIL,15
PREDICT,15
DRUG,15
SHARP2,15
GRANDPARENTS,15
FRY,15
GIVE,15
AGREEMENT,15
CALL1,15
SOUTH,15
TELL,15
EGO,15
NOW,15
APPOINTMENT,15
BREAKDOWN2,15
DROP,15
WOOD,15
EXPERIENCED,15
PEAR,15
ROLLUPSLEEVES,15
OPTION,15
YES,15
FEED2,15
CHILDREN,15
BONE,15
PINEAPPLE1,15
NEED,15
COMPUTERMOUSE,15
CLOUD3,15
SMILE2,15
HOOD,15
FORM,15
HELL,15
FLAG2,15
EVENT,15
POPE,15
VALUE,15
RAINBOW,15
WHEEL,15
HYPOCRITE,15
PLACE,15
INTERVIEW,15
ENEMY,15
HANDCUFFS,15
GRADUATE,15
PIRATE,15
SUMMON,15
SOFTBALL,15
DEFEAT,15
ROW,15
TRANSGENDER,15
DEDICATE2,15
PROBLEM2,15
ORDER2,15
FRUIT,15
FIRED,15
THEORY,15
ELEVATOR3,15
CHERRY1,15
BANANA2,15
WIDE,15
RECITE,15
TIMETOTIME,15
NECKLACE3,15
SPACE,15
SHIRT2,15
LIGHT,15
ARREST3,15
BURY1,15
ONE,15
FADE,15
ALPHABET,15
FOUR,15
PINEAPPLE4,15
COMFORTABLE,15
AUTISM2,15
ASSIST,15
EYETURN,15
EMBARRASS,15
AND,15
CIGARETTE,15
CALLTTY,15
BASEMENT,15
TRAVEL,15
EXPERIENCE,15
DANCE,15
PLUMMET,15
WHIP,15
SOUP,15
WINDOW,15
WEAR,15
AFTER,15
TROUBLE,15
THIEF1,15
HEALTH,15
THINGS,15
ALLWAY,15
HAIR2,15
BLUSH,15
PERSON,15
WORM,15
CIGAR,15
COOKIE,15
TENNIS,15
BASEBALL,15
BIOLOGY,15
MOUNTAIN1,15
SEW,15
VIDEOPHONE,15
LIPSTICK,15
FARM,15
RECORDING,15
SLOW,15
HUMOR,15
FOLLOW4,15
CAN2,15
INTELLIGENT,15
HUNT,15
PAPERCUTTER,15
ADMIT,15
GONE,15
ALITTLEBIT,15
ACCESS,15
EGG,15
HEAVEN,15
FLOWER,15
ACTOR,15
AFRICA,15
GARAGE,15
GLOVE,15
GUITAR,15
SHARPEN3,15
LAZY,15
ASIA,15
LIBRARY,15
WITCH1,15
CLOWN,15
TOSS,15
STUMBLE,15
SWEARIN,15
LEND,15
DEVOUR,15
OPPORTUNITY,15
PARAGRAPH,15
ASTRONAUT,15
UPSET1,15
DOUBLE,15
NEAR,15
BLOW,15
TUESDAY,15
BRAINWASH,15
PEAS1,15
COMMUNITY,15
SIGNPAPER,15
KNOCKOFF,15
HOP,15
LEAF1,15
ROLLERBLADING,15
SPAIN,15
SENATE,15
SNORKEL,15
DIFFERENT,15
ONLYONE,15
ARREST1,15
SOON1,15
PRACTICE,15
RELEASE,15
PLAN,15
DEGREE,15
MEXICAN1,15
EXAMPLE,15
EVERYDAY,15
POSSUM,15
VERYINTERESTED,15
RULER,15
MAID,15
NOTUSEDTO,15
RECORD,15
SHAKE2,15
SANDWICH2,15
HONK,15
SOCIALIZE,15
BEAVER,15
PROVIDE,15
VIBRATE,15
SCRIPT,15
ONION,15
MINIMUM1,15
STAPLER,15
IN,15
FLIPFLOPS,15
SPIDER,15
PLATE,15
UDDER,15
MIX1,15
PANCAKE,15
EXPLODE,15
NONE,15
DONTWANT,15
RESIGN,15
HIGHSCHOOL,15
SHORTS,15
REMOTECONTROL,15
STIR,15
BIRTHDAY,15
HEADPHONES,15
DISNEY,15
SYMPATHY,15
HAPPY,15
REASON,15
SCREWDRIVER1,15
CUTE1,15
MEMORIZEMEMORIZE,15
BOW1,15
AUTOMATIC,15
CLICK,15
THEN,15
DATE,15
ANY,15
COOL2,15
HAMSTER,15
BIG,15
YAWN1,15
PARK,15
TRANSLATE,15
COLD,15
WARM,15
CLEAN,15
SAUCE,15
AUNT,15
NEXTDOWN,15
PIANO,14
PERFUME1,14
SPOON,14
SCIENCE,14
GRAPES1,14
WEEK,14
WASTE,14
CAFETERIA,14
CARROT1,14
VERB,14
PLAYGROUND,14
BREAD,14
WHISTLE1,14
TEACHER,14
BOWLING1,14
SURGEON,14
ORANGE,14
PRIDE,14
STRAWBERRY1,14
ROCK,14
FRENCHFRIES,14
BAKE1,14
GRASS,14
BUTTER,14
RAZOR1,14
CHANCE,14
BAG1,14
SCISSORS,14
PEPPER,14
UMBRELLA,14
SHELF,14
SOCIAL,14
TRANSFER,14
LONGWORD,14
SUSPEND,14
STOPWATCH,14
LONGAGO,14
CELEBRATE,14
PERCEIVE,14
HATBRIM,14
ENVELOPE3,14
STACK1,14
CHERRY2,14
SCREWDRIVER2,14
FAMOUS,14
MENTION,14
WALLET,14
TISSUE,14
PROJECT,14
SEQUENCE,14
MEMBER,14
TOGETHER,14
CHOKE,14
THINKPENETRATE,14
STAMP1,14
FOLLOW2,14
INSPIRE,14
FRAME,14
NERVE,14
COMPASS,14
WATER,14
DISAGREEMENT,14
BABY1,14
PENCIL,14
SKATEBOARDING1,14
STRUCTURE,14
REFUSE,14
SMOKE,14
JOIN,14
PRINCIPAL,14
JUICE2,14
POSTPONE,14
CHEW2,14
THESE,14
INVISIBLE,14
DISCONNECT,14
EVIDENCE,14
CURTSEY2,14
PROXIMALIZATION,14
SUCKTHUMB,14
SNOWSUIT,14
INCH,14
GETINFORMATIONOUTOF,14
TIGER,14
ABOUT2,14
FROM,14
BOY,14
DEEP,14
LESBIAN,14
BOTHER,14
SCOUT,14
STIMULATE,14
REALLYINTO,14
CHEERLEADER1,14
DONTNEED,14
PERSPECTIVE,14
PUBLIC,14
WEIRD,14
BANDAID1,14
TENDENCY,14
VOCABULARY,14
SNOWMAN,14
RISK,14
PEEL2,14
QUEEN,14
CHEESE,14
SUNSET,14
ACCIDENT,14
LAPTOP,14
SISTER,14
COINS,14
NUT2,14
KNIGHT4,14
KNIGHT3,14
DEALCARDS,14
GOTCHA,14
ALLTOGETHER,14
SNAIL,14
CRANKY,14
SHOOT1,14
NEGATIVE,14
KEEP,14
SENIORCITIZEN,14
TWOOFUS,14
INFECTION,14
SCARF4,14
SENTENCE1,14
PRISON,14
ELEPHANT,14
HOLIDAY,14
CHECK,14
BEDROOM,14
SILLY,14
ATTENTION,14
CHEERLEADER2,14
ORDER1,14
PLIERS,14
GLUE2,14
FROMTHENON,14
PHILADELPHIA,14
KINDERGARTEN,14
BRICK,14
BLANK,14
SURGERY,14
CAUGHT,14
GETOFF,14
SWEAT,14
VAGINA,14
CONDUCT2,14
ENVELOPE4,14
STETHOSCOPE4,14
SENSITIVE,14
HANDSOME4,14
FILE1,14
BOOTS1,14
BARK3,14
CONDUCT1,14
RESENT,14
GARLIC,14
FINS,14
SUSPENDERS2,14
FLASHLIGHT3,14
ATHLETE,14
MARCH,14
SLICE2,14
HATCH1,14
UP,14
SUSPENDERS1,14
ACCENT,14
JELLYFISH,14
JUGGLER,14
HADENOUGH,14
DIP1,14
TUBETOP,14
REALSICK,14
CEILING,14
HURRICANE,14
ONEYEARAGO,14
EXCITED,14
WORSE,14
LOOKLIKE,14
DELIBERATE,14
FOREST,14
BITEONNECK,14
RESCUE,14
NET,14
ACCEPT,14
TOUGH,14
TURNKEY,14
DENT,14
LEAK,14
PLOW1,14
LEAD,14
FRIENDSNOMORE1,14
HANDSOME3,14
CLIP,14
PROCESS,14
BEFORE,14
INSTINCT,14
BANDAID2,14
FUNCTION,14
CHAOS,14
AGENCY,14
MUSHROOM,14
JUMPROPE,14
EMPTY1,14
BREAKDOWN1,14
PRODUCESIGN,14
SUPERVISE,14
BOSTON,14
STRUGGLE,14
ROOMMATE,14
PARALLEL,14
WORKSHOP,14
REMEMBER1,14
VALIDATE,14
PASS,14
ERUPT1,14
AFTERNOON,14
DEVIL,14
DINOSAUR1,14
TALK2,14
GOBACKANDFORTH,14
GOODYGOODY,14
KICK1,14
FIREMAN2,14
INCREDIBLE,14
SUNBATHE1,14
GREET2,14
PENIS,14
GLUE1,14
DECLINE,14
HEADGRIND,14
HIT1,14
GLOW,14
COOK,14
SUNDAY,14
MEGAPHONE,14
BOUNCE,14
HOWL,14
SOON2,14
STRANGLE,14
COMEHERE,14
LIFT2,14
PICKLE,14
VIDEOCAMERA2,14
HOODIE2,14
IRON3,14
CATCHBASEBALL,14
POLICEMAN1,14
REDUCE,14
NOT,14
MOTIVATION1,14
ERASE1,14
EARSUP,14
PLAYERS,14
THINKCONNECT,14
HAIRDRYER3,14
KNOWNOTHING,14
STRAIN2,14
BANANA4,14
CREAM2,14
HAT1,14
FIREMAN1,14
ICECREAM,14
GOAHEAD,14
VISION,14
SPREAD3,14
HELICOPTER3,14
EXPRESS,14
DINOSAUR2,14
POSITIVE,14
SNAPSTICK,14
MEDITATE2,14
PUNCHFACE,14
DESIGN,14
ISLAND,14
HORSE,14
BANANA1,14
SHOULDER1,14
STAIRS,14
PILL,14
COCONUT,14
BATHROOM,14
PRINT,14
SOME,14
SHRIMP,14
VISIT,14
ERASE5,14
PINEAPPLE5,14
RIBBONAWARD,14
REACH,14
DUE,14
PAGEANT,14
BECAUSE,14
BUTTERFLY,14
CITY1,14
LOOKAPPEARANCE,14
FAVORITE,14
CONCEPT,14
BRIDGE1,14
DRESS,14
MOTHER,14
ANGRY,14
THREE,14
BATH,14
FOX,14
STAR,14
DOOR,14
FIFTH,14
IRON2,14
SHOULDER3,14
MASSAGE,14
SURPRISE,14
WORK,14
SAME2,14
RAIN,14
IMPORTANT,14
CABINET,14
SPEAKERS,14
CHOCOLATE,14
TRAIN,14
RELIEF,14
WOMAN2,14
PREGNANT,14
DOMINANT,14
FORK4,14
BORED2,14
PIPE4,14
DISSOLVE,14
DRINK2,14
BUCKLE2,14
TOOTHBRUSH-CA,14
BRUSH,14
PILLOW1,14
MOON,14
SALAD,14
FISHING1,14
FACULTY,14
DROWN1,14
LONGTIME,14
HALFHOUR,14
SPECIFIC,14
WINDOWOPEN,14
TURBAN,14
YAY,14
INTERPRET,14
SCARF3,14
OOH,14
ELEMENTARYSCHOOL,14
THINKOBSESS,14
GROWUP,14
BATHTUB,14
ADOPT,14
BLOUSE,14
TURNAROUND,14
DONKEY,14
CONFIDENTIAL,14
WALK2,14
OPINION2,14
VEST,14
SQUAREIDIOT,14
LEAGUE,14
TRADITION,14
SHOUT1,14
BERRY,14
PUTINBACKMIND,14
REQUEST,14
FATHER,14
EXPENSIVE,14
SERIOUS,14
TAKEPILL,14
MAGNIFY1,14
ORGANIZATION,14
INSTAGRAM,14
SITUATION,14
SEAL,14
PERIOD,14
TRUCK2,14
WELCOME2,14
COMPLAIN,14
YOYO,14
TAKENOTES,14
INTERVENE,14
KITTEN,14
PRIORITY,14
SKILL,14
RETIRE,14
SCRATCH,14
LAW,14
WIND,14
BABYSITTER,14
AT,14
CASUAL,14
READY,14
WHYNOT,14
PROFOUNDLYDEAF,14
MANAGE,14
STORY3,14
TOPIC,14
BURP,14
SHAMEONYOU,14
CULTURE,14
MOUSE,14
PRETTY,14
ENGAGEMENT,14
TORNADO,14
ACQUIRE,14
DONTCARE,14
ALLOVERBODY,14
CLOSEDOOR,14
NECK,14
NOBIGDEAL,14
HUNDRED,14
VANISH,14
STAY,14
VOLUNTEER,14
IMPRESS,14
AVERAGE,14
BEND,14
SYSTEM,14
CROWN,14
CALCULATOR,14
PLATFORM,14
DEDICATE1,14
DISPATCH,14
JOURNEY,14
HAVE,14
CERTIFICATE,14
FINGERSPELL,14
RELATIONSHIP,14
STRICT,14
BODY,14
FREEWAY,14
TRY,14
STUBBORN,14
TRAFFIC,14
PUZZLED,14
AGE,14
PARADE,14
WAR,14
LIVE2,14
KNIFE1,14
ILOVEYOU,14
COMMUTE,14
HAIRDRESSER,14
MAD,14
LASTWEEK,14
SHOOTING,14
INSTEAD,14
RELIGION,14
SAD,14
ASK,14
ARMY,14
DRINK1,14
ANIMAL,14
PURPLE,14
WHERE,14
PLEASE,14
COMMUNICATION,14
PILE,14
SALT,14
LAST,14
HONEST,14
CENTER,14
EXERCISE,14
FIRST,14
TALK1,14
LAWNMOWER,14
GLASSES,14
GOVERNMENT,14
WIN,14
GET,14
GAS,14
MAKE,14
DRYER,14
HOME,14
CUTE2,14
DONTMIND,14
FIGHT,14
PEACH1,14
DEER,14
PSYCHOLOGIST,14
ROLLERSKATING,14
STUDENT,14
DEODORANT,14
FURNITURE,14
VILLAGE,14
BALL,14
BRA2,14
WAITER,14
TRASH,14
CHAIR,14
DRAWER,14
KITE1,14
PROBLEM1,14
PINK,14
KNOW,14
GALLAUDET,14
SICK,14
MIND,14
MACHINE,14
OWE,14
COUSIN,14
DIVORCE,14
TALL2,14
CHAT,14
CALLATTENTION,14
LATE,14
IMAGINE1,14
WINDY,14
FLAG1,14
DOUBT,14
POSSIBLE,14
COLLEGE,14
BUILDING,14
LOOKAT,14
BLIND,14
EMOTION,14
VEGETABLE,14
NEW,14
RING,14
ACT,14
FIND,14
MUMMY,14
RESTLESS,14
SHUTOUT,14
STILL,14
THRILLED,14
GATECLOSE,14
MISS,14
FUN,14
CATCH3,14
FINGER,14
CREDITCARD,14
PLAY,14
INVITE,14
WHO,14
WHICH,14
PEPSI,14
NOTUNDERSTAND,14
LEMON1,14
BOWTIE,14
STARS,14
MONKEY,14
CASTLE1,14
SHY,14
HEARINGAID,14
BED1,14
LION,14
MAGAZINE,14
SOCKS,14
DESERT,14
NECKLACE1,14
HISTORY,14
CANCELLATION,14
TEMPTATION,14
KING,14
UNDERSTAND,14
MORNING,14
FAULT,14
ACTION,14
SCARED,14
BRAVE,14
PIPE1,14
MAYBE,14
HEARING,14
GREEN,14
BLOOD,14
COMPLEX,14
WOMAN1,14
GULLIBLE,14
SHOP2,14
EGYPT,14
THAT,14
CORN2,14
EUROPE,14
LAUGH,14
ALARM,14
SUSPECT,14
RIGHT2,14
EXPLANATION,14
MEASURE1,14
HAMMER,14
TWO,14
NORTH,14
FUTURE,14
9OCLOCK,14
APPEAR,14
UNIVERSITY,14
HUSBAND,14
BOWL,14
GREECE,14
WHY,14
PAIN,14
FRIENDLY,14
STRANGE,14
DISAPPEAR,14
RED,14
SKATE,14
NAME,14
CLEAR,14
WHEN,14
MONDAY,14
FRAUD,14
STOMACH,14
HELLO,14
COVERUP,14
COCACOLA,14
CHANNEL,14
MOTORCYCLE,14
FALL2,14
LIGHTER,14
SEEM,14
FORGETFUL,14
SHIELD,14
THERE,14
INSURANCE,14
SHEEP,14
RADIO,14
NEUTRAL,14
BALLOON,14
TOBACCO,14
GOAT,14
SHOVEL1,14
FISH,14
EVALUATE,14
PAINTBRUSH,14
MICROWAVE,14
BIRD,14
SURF,14
READ,14
WANDER,14
STREET,14
CONTACT,14
HORRIBLE,14
NOISE,14
GETTHROUGH,14
INSPIRING,14
BANK,14
QUIT,14
BETTER,14
RESIST,14
INDIAN,14
SHAPE,14
EASTER,14
HERE,14
DRIP,14
HOW2,14
NOTYET,14
KILL,14
AWAY,14
FLY,14
LAMP1,14
HURT,14
TURTLE,14
PIE,14
WOLF,14
PAPER,14
SHIRT1,14
EYEGLASSES,14
THROW1,14
JUNIOR,14
MINIMUM2,14
SAW2,14
NOSEBLEED,14
FINALLY,14
ARREST2,14
GUILLOTINE1,14
FENCE1,14
NEWSTOME,14
SCORE,14
MARRY,14
PHILOSOPHY,14
AREA,14
TOW2,14
TOP,14
SELF,14
SPILL1,14
BOIL2,14
PROTEST,14
MEMORIZE,14
DUTY,14
SIREN,14
SOUND,14
REFRIGERATOR,14
HOLD1,14
DININGROOM,14
UNDER,14
TIMEPROGRESS,14
HANDSOFF,14
BUSTED,14
VERY,14
PROGRAM,14
DREADLOCKS,14
DOCUMENT,14
BACKUP,14
IMMATURE,14
OPERATEMACHINE,14
LICK2,14
BARRETTE,14
OVERLOOK,14
VISUALIZE,14
WEEKEND,14
SOUR,14
HALF,14
CONVINCE1,14
PERMISSION,14
RIDE2,14
OCEAN,14
ARCHEOLOGY,14
NEXTTO,14
MICROPHONE,14
TAPE,14
MOOSE,14
DAMN,14
SEVEN,14
ARGUE,14
FIX,14
MELON,14
NAIL,14
CURIOUS,14
PINON,14
SHOULD,14
BUFFALO,14
KISSONCHEEK,14
BACKYARD,14
RUIN,14
LIPS,14
DIRECTOR,14
GUM,14
BUTTONS,14
SLIDE1,14
MUSCLE,14
DESSERT,14
RUNOUTOF,14
BRAILLE,14
KNOCK,14
TOAGOAL,14
CAMEL,14
SPRING,14
FREE,14
HEARTTOUCH,14
WASHFACE1,14
SUPPORT1,14
PUT,14
WHITE,14
FIRETRUCK,14
CARACCIDENT,14
SOFT,14
SWING2,14
CHIN,14
BOMB,14
DRESSUP,14
HE,14
SPENDLOTSOFMONEY,14
DANGER,14
PJS,14
PENGUIN,14
WRAP,14
AUDIENCE,14
TRUEBUSINESS,14
MISSING,14
REFLECT,14
PEACH2,14
STAND1,14
PILLOW3,14
DUCK1,14
ALLDAY,14
HOTCOMPETITION,14
STAND2,14
HEAR1,14
FEBRUARY,14
PERSISTENT,14
THIRSTY,14
STEAK,14
POP2,14
EAGLE2,14
LESS,14
PHARMACIST,14
OBVIOUS,14
PLENTY,14
SILVER,14
CREATE,14
SHARK2,14
CRACKER1,13
POOLGAME,13
DEATH,13
ROOSTER,13
THURSDAY,13
COW,13
STETHOSCOPE1,13
LIVE1,13
WRONG,13
LETTER1,13
DRUNK,13
HAIRDRYER1,13
ART,13
BROWN,13
OFFICE,13
HAPPEN,13
BUG,13
THIN,13
SATURDAY,13
SCARF1,13
GOLD,13
CHARGECARD,13
DELINQUENT,13
IMMERSE,13
BULLDOZER,13
BIND,13
MEASURE2,13
MOP2,13
KANGAROO1,13
MOUNTAIN2,13
FLOAT2,13
BOIL1,13
JELLY,13
WELL,13
GLASS2,13
OFFHAND,13
CHANGE,13
ANTLERS,13
MEETING,13
TRIM1,13
ENVELOPE2,13
PICNIC,13
SAXOPHONE,13
THINKEXPAND,13
UNICORN,13
RACE,13
ECLIPSE,13
FENCING,13
BOW4,13
SLED1,13
PLAIN,13
CLUELESS,13
CLAUSE,13
PITCHER,13
BUS,13
EAST,13
ESCAPE,13
GOTOJAIL,13
MARIONETTE,13
SIT,13
PRESSINMIND,13
GRADE,13
SWEATER3,13
PUSH,13
BLOWMIND,13
CREAM1,13
CRACK,13
MONSTER,13
LOVE,13
EFFECT,13
PORCUPINE,13
CLOSET2,13
SANDALS,13
PARACHUTE1,13
ARM1,13
STRING,13
FIANCE,13
SANTA,13
BRING,13
RULE,13
CLAP,13
AWAKE,13
CHOPSTICKS,13
TIREDOF,13
STUPID1,13
CARROT3,13
KEYBOARD,13
BLESS,13
SUIT,13
SLED2,13
EARLY,13
SPOTSOMETHING,13
CARBATTERY,13
BAT3,13
SAVE,13
SOMETIMES,13
SAFE,13
DAUGHTER,13
INNOCENT,13
FIT,13
INSIDE,13
JAWDROP,13
ATLANTA,13
REMIND,13
WRAPUP2,13
CAT2,13
CONFLICT,13
BRA1,13
HOMEWORK,13
HAIR1,13
SPLASH-CA,13
TO,13
LIGHTWEIGHT,13
ISRAEL,13
OVERNIGHT,13
MAJOR,13
ARM2,13
CHERISH,13
SEVERAL,13
TASTE,13
AGAIN,13
POLISH,13
RESPECT,13
FISHING2,13
ITCH,13
GRANDFATHER,13
WITCH2,13
KITE2,13
BARK2,13
MEXICAN2,13
BAT1,13
OVERTAKE,13
FORMER,13
TRUCK1,13
SLICE3,13
JACKET2,13
BOW3,13
LOCKER,13
HIT2,13
BOARD,13
DIP2,13
PINCH2,13
LOOKBACK,13
DRIBBLE,13
SHOWER,13
RELAX2,13
STRAWBERRY4,13
UNIVERSE,13
MAIL2,13
ELECTROCUTE,13
STETHOSCOPE3,13
DILEMMA,13
TOY2,13
SOW,13
NOOSE,13
GUILLOTINE2,13
WINDMILL2,13
HONEY2,13
AUSTRALIA,13
DISSECT,13
OBSESS,13
GESTURE,13
DIVE,13
EQUAL,13
SAIL1,13
FROWN2,13
BADGE,13
TRIP2,13
HIGHHEELS,13
UNIQUE,13
CAPE,13
PRINCE,13
DROWN2,13
MAGNET1,13
NECKLACE4,13
TIMEOUT,13
YAWN4,13
LOOKFOR,13
SODA,13
START,13
OIL3,13
JACKET4,13
TIEUP1,13
LEMON2,13
CREWCUT,13
UNDERWEAR2,13
HELP,13
BURY4,13
HELMET2,13
LOBSTER3,13
CRASHPLANE,13
SHAKESPEARE,13
HOUR,13
WEST,13
LAWYER,13
NEWYORK,13
BREATHE,13
IRON1,13
CURTAIN,13
WINDMILL1,13
A-LINEBOB,13
DIE,13
WALK1,13
WEDNESDAY,13
DENTIST1,13
BAR,13
CONGRATULATIONS,13
TOILET,13
COUGH,13
WEDDING,13
MANY,13
OOPS,13
MATH,13
BEAR,13
INJECT,13
BREAK,13
BIRTH,13
EMPEROR,13
THEATRE,13
TURKEY1,13
CONDUCT3,13
SANDWICH4,13
BLOWCANDLE2,13
FAINT,13
HITCHHIKE,13
CURL2,13
RAISIN,13
MIME,13
GLOVES1,13
SHOP1,13
ABOUT1,13
PERFECT,13
BOX,13
COLOR,13
WAY,13
BRACELET,13
FINGERSPELLING,13
CLASS,13
WAIT,13
OLD,13
TIRED,13
POINT,13
LOYAL,13
SLEEP,13
POWER,13
BACON,13
TRUE,13
PATIENT1,13
ERASER,13
ELEGANCE,13
STRESS,13
SETUP,13
ME,13
LOUD,13
CRAWL1,13
HAMBURGER,13
MY,13
SWALLOW,13
MEAN1,13
REST,13
SNOB,13
CHINA,13
CRY1,13
RESPONSIBILITY,13
SQUIRREL,13
GOLF,13
DELICIOUS,13
FIGURE,13
PROMOTE,13
DOCTOR1,13
NOTCARE,13
BAD,13
SAME1,13
WET,13
BEER,13
INTERNET,13
FRISK,13
POP1,13
STACK2,13
NUMBERS,13
DECIDE2,12
FINE2,12
LUNCH2,12
TYPE2,12
ELEVATOR2,12
EAT2,12
WORRY,12
DIAMOND,12
LECTURE,12
BUSINESS,12
EMAIL,12
SUN,12
TREE,12
CHICAGO,12
PRESIDENT,12
WEATHER,12
LOBSTER1,12
SHAMPOO,12
FRUSTRATE,12
SNAKE,12
PULL,12
AIRPLANE,12
DOG3,12
HURDLE/TRIP2,12
LOCK2,12
RESEARCH2,12
MOVIE2,12
PAST,12
CALENDAR2,12
SNOW1,12
MUSIC,12
OWL,12
ACCOMPLISH,12
WHATFOR3,12
TALL1,12
OUT,12
LISTEN,12
HANGCLOTHES,12
SUNBATHE2,12
ESCALATE,12
HIGH,12
PHONE,12
PERCENT,12
BASKETBALL2,11
HOSPITAL2,11
SPECIAL2,11
DOWNSIZE2,11
BACKPACK2,11
RECENT2,11
FOREIGNER2,11
SHAVE2,11
WHATFOR2,11
ROCKINGCHAIR2,11
BASKETBALL3,11
DOG4,11
DINNER2,11
THIRD2,11
DRAG2,11
NOON2,11
DARK2,11
HALLOWEEN2,11
MICROSCOPE3,11
PARTY2,11
CANCER2,11
CHRISTMAS2,11
THEY2,11
CANCEL2,11
TALKDIRTY,11
PATIENT3,11
BREAKFAST2,10
DEVELOP2,10
TWINS2,10
LETTUCE2,10
CLOUD2,10
DEAF2,10
NIGHT2,10
EDIT2,10
BELIEVE2,10
RIVER2,10
DEMAND2,10
CONFUSED2,10
GUESS2,10
BELT2,10
AXE2,10
BITE2,10
BEE2,9
MECHANIC2,9
TAKEOFF2,9
